date,platform,state,tactic,impression,clicks,spend,attributed_revenue,ctr,cpc,roas,cpm
2025-05-16,Facebook,CA,ASC,244464,3721,1970.3000000000002,5170.78,1.52,0.53,2.62,8.06
2025-05-16,Facebook,CA,Prospecting,233433,2849,2996.38,7020.46,1.22,1.05,2.34,12.84
2025-05-16,Facebook,NY,ASC,383316,5677,4055.71,12329.5,1.48,0.71,3.04,10.58
2025-05-16,Facebook,NY,Prospecting,614690,7391,6418.280000000001,16254.849999999999,1.2,0.87,2.53,10.44
2025-05-16,Google,CA,Display,294418,1139,2621.05,3787.37,0.39,2.3,1.44,8.9
2025-05-16,Google,CA,Non-Branded Search,854929,39583,5169.98,16308.63,4.63,0.13,3.15,6.05
2025-05-16,Google,NY,Non-Branded Search,884115,42726,4878.4400000000005,16326.519999999999,4.83,0.11,3.35,5.52
2025-05-16,TikTok,CA,Retargeting,1056689,17262,8838.91,25479.48,1.63,0.51,2.88,8.36
2025-05-16,TikTok,CA,Spark Ads,375424,4975,3158.21,7604.26,1.33,0.63,2.41,8.41
2025-05-17,Facebook,CA,ASC,311342,4314,2852.8199999999997,7107.99,1.39,0.66,2.49,9.16
2025-05-17,Facebook,CA,Prospecting,483971,5617,5323.53,12239.01,1.16,0.95,2.3,11.0
2025-05-17,Facebook,NY,ASC,477483,6841,4411.58,12033.9,1.43,0.64,2.73,9.24
2025-05-17,Facebook,NY,Prospecting,404603,5005,4622.91,11314.67,1.24,0.92,2.45,11.43
2025-05-17,Google,CA,Display,147855,611,1037.89,1566.73,0.41,1.7,1.51,7.02
2025-05-17,Google,CA,Non-Branded Search,1067315,47129,9635.18,30047.7,4.42,0.2,3.12,9.03
2025-05-17,Google,NY,Non-Branded Search,690181,32258,2576.97,7930.48,4.67,0.08,3.08,3.73
2025-05-17,TikTok,CA,Retargeting,1099792,17953,8314.22,25130.89,1.63,0.46,3.02,7.56
2025-05-17,TikTok,CA,Spark Ads,362512,4505,2907.86,7030.26,1.24,0.65,2.42,8.02
2025-05-18,Facebook,CA,ASC,324998,5161,4013.13,11240.42,1.59,0.78,2.8,12.35
2025-05-18,Facebook,CA,Prospecting,372414,4326,3252.52,7787.38,1.16,0.75,2.39,8.73
2025-05-18,Facebook,NY,ASC,572343,8746,6395.52,17430.42,1.53,0.73,2.73,11.17
2025-05-18,Facebook,NY,Prospecting,417744,5064,3831.47,9922.66,1.21,0.76,2.59,9.17
2025-05-18,Google,CA,Display,145321,593,624.08,1047.4,0.41,1.05,1.68,4.29
2025-05-18,Google,CA,Non-Branded Search,1214450,53095,8541.75,29285.83,4.37,0.16,3.43,7.03
2025-05-18,Google,NY,Non-Branded Search,520757,23146,3025.9700000000003,10368.55,4.44,0.13,3.43,5.81
2025-05-18,TikTok,CA,Retargeting,1184578,18779,9419.01,27480.68,1.59,0.5,2.92,7.95
2025-05-18,TikTok,CA,Spark Ads,504582,6454,3855.7200000000003,9114.24,1.28,0.6,2.36,7.64
2025-05-19,Facebook,CA,ASC,227546,3628,2361.0,6870.02,1.59,0.65,2.91,10.38
2025-05-19,Facebook,CA,Prospecting,488505,5886,4640.41,12049.47,1.2,0.79,2.6,9.5
2025-05-19,Facebook,NY,ASC,384701,6096,3958.26,11487.36,1.58,0.65,2.9,10.29
2025-05-19,Facebook,NY,Prospecting,499802,5675,5336.67,12075.19,1.14,0.94,2.26,10.68
2025-05-19,Google,CA,Display,113064,419,1126.5,1975.9,0.37,2.69,1.75,9.96
2025-05-19,Google,CA,Non-Branded Search,1105534,49912,7309.91,24168.59,4.51,0.15,3.31,6.61
2025-05-19,Google,NY,Non-Branded Search,461270,20634,3648.99,10899.22,4.47,0.18,2.99,7.91
2025-05-19,TikTok,CA,Retargeting,1092997,18093,8346.45,24965.84,1.66,0.46,2.99,7.64
2025-05-19,TikTok,CA,Spark Ads,394769,5048,3209.85,6977.7699999999995,1.28,0.64,2.17,8.13
2025-05-20,Facebook,CA,ASC,421599,5982,3797.4799999999996,10972.98,1.42,0.63,2.89,9.01
2025-05-20,Facebook,CA,Prospecting,364615,4416,4401.32,10819.4,1.21,1.0,2.46,12.07
2025-05-20,Facebook,NY,ASC,462542,6854,3369.13,9688.07,1.48,0.49,2.88,7.28
2025-05-20,Facebook,NY,Prospecting,393798,4508,3160.2200000000003,7934.0,1.14,0.7,2.51,8.02
2025-05-20,Google,CA,Display,322717,1361,987.52,1662.51,0.42,0.73,1.68,3.06
2025-05-20,Google,CA,Non-Branded Search,1078396,47512,4730.53,14748.32,4.41,0.1,3.12,4.39
2025-05-20,Google,NY,Non-Branded Search,445811,19517,2521.1800000000003,7505.97,4.38,0.13,2.98,5.66
2025-05-20,TikTok,CA,Retargeting,759025,11525,6079.49,18383.29,1.52,0.53,3.02,8.01
2025-05-20,TikTok,CA,Spark Ads,562741,7431,4170.89,10463.68,1.32,0.56,2.51,7.41
2025-05-21,Facebook,CA,ASC,403777,5684,4339.1,11600.61,1.41,0.76,2.67,10.75
2025-05-21,Facebook,CA,Prospecting,312865,4021,2919.5699999999997,7561.48,1.29,0.73,2.59,9.33
2025-05-21,Facebook,NY,ASC,469361,7203,4654.03,13030.13,1.53,0.65,2.8,9.92
2025-05-21,Facebook,NY,Prospecting,548792,6932,6237.88,14316.75,1.26,0.9,2.3,11.37
2025-05-21,Google,CA,Display,183864,764,1584.3,2759.28,0.42,2.07,1.74,8.62
2025-05-21,Google,CA,Non-Branded Search,1198806,51122,8186.0,26700.29,4.26,0.16,3.26,6.83
2025-05-21,Google,NY,Non-Branded Search,524559,23951,3274.19,9322.54,4.57,0.14,2.85,6.24
2025-05-21,TikTok,CA,Retargeting,1016950,16045,7955.58,23652.53,1.58,0.5,2.97,7.82
2025-05-21,TikTok,CA,Spark Ads,528550,6711,3650.49,9125.480000000001,1.27,0.54,2.5,6.91
2025-05-22,Facebook,CA,ASC,466872,7280,4787.68,12505.29,1.56,0.66,2.61,10.25
2025-05-22,Facebook,CA,Prospecting,308565,3685,2502.31,5823.32,1.19,0.68,2.33,8.11
2025-05-22,Facebook,NY,ASC,646005,9473,4866.1,14067.02,1.47,0.51,2.89,7.53
2025-05-22,Facebook,NY,Prospecting,437227,4909,3425.2400000000002,7647.45,1.12,0.7,2.23,7.83
2025-05-22,Google,CA,Display,165263,641,1348.59,1819.75,0.39,2.1,1.35,8.16
2025-05-22,Google,CA,Non-Branded Search,1188204,53603,5351.38,18631.82,4.51,0.1,3.48,4.5
2025-05-22,Google,NY,Non-Branded Search,453570,20001,2801.6,9244.16,4.41,0.14,3.3,6.18
2025-05-22,TikTok,CA,Retargeting,986706,15520,7964.74,23684.73,1.57,0.51,2.97,8.07
2025-05-22,TikTok,CA,Spark Ads,408096,4954,2066.94,5074.95,1.21,0.42,2.46,5.06
2025-05-23,Facebook,CA,ASC,265648,3861,2774.47,7722.44,1.45,0.72,2.78,10.44
2025-05-23,Facebook,CA,Prospecting,299188,3848,3171.71,7960.31,1.29,0.82,2.51,10.6
2025-05-23,Facebook,NY,ASC,428572,6478,4909.24,14061.78,1.51,0.76,2.86,11.45
2025-05-23,Facebook,NY,Prospecting,668860,8119,6885.93,14908.52,1.21,0.85,2.17,10.3
2025-05-23,Google,CA,Display,132153,537,471.77,867.83,0.41,0.88,1.84,3.57
2025-05-23,Google,CA,Non-Branded Search,1143680,51544,7303.8,23525.9,4.51,0.14,3.22,6.39
2025-05-23,Google,NY,Non-Branded Search,602481,25856,3506.1400000000003,11419.189999999999,4.29,0.14,3.26,5.82
2025-05-23,TikTok,CA,Retargeting,875090,13261,6528.58,20927.309999999998,1.52,0.49,3.21,7.46
2025-05-23,TikTok,CA,Spark Ads,360640,4691,2717.45,5666.719999999999,1.3,0.58,2.09,7.54
2025-05-24,Facebook,CA,ASC,364870,5336,4615.08,11515.380000000001,1.46,0.86,2.5,12.65
2025-05-24,Facebook,CA,Prospecting,419318,5112,4732.110000000001,11284.93,1.22,0.93,2.38,11.29
2025-05-24,Facebook,NY,ASC,478494,7148,4878.56,14083.36,1.49,0.68,2.89,10.2
2025-05-24,Facebook,NY,Prospecting,551624,6204,6224.79,14752.14,1.12,1.0,2.37,11.28
2025-05-24,Google,CA,Display,439206,1770,3532.99,6517.87,0.4,2.0,1.84,8.04
2025-05-24,Google,CA,Non-Branded Search,1216355,55263,8491.75,28436.23,4.54,0.15,3.35,6.98
2025-05-24,Google,NY,Non-Branded Search,682887,30458,4647.82,13877.28,4.46,0.15,2.99,6.81
2025-05-24,TikTok,CA,Retargeting,779793,12518,7111.77,20212.489999999998,1.61,0.57,2.84,9.12
2025-05-24,TikTok,CA,Spark Ads,532330,6939,2846.42,6647.81,1.3,0.41,2.34,5.35
2025-05-25,Facebook,CA,ASC,438973,6763,2909.7700000000004,8204.25,1.54,0.43,2.82,6.63
2025-05-25,Facebook,CA,Prospecting,330295,4223,3832.65,9387.08,1.28,0.91,2.45,11.6
2025-05-25,Facebook,NY,ASC,582514,9381,5460.52,16337.83,1.61,0.58,2.99,9.37
2025-05-25,Facebook,NY,Prospecting,544014,6722,4906.52,11690.33,1.24,0.73,2.38,9.02
2025-05-25,Google,CA,Display,165897,610,1280.92,2001.77,0.37,2.1,1.56,7.72
2025-05-25,Google,CA,Non-Branded Search,883720,39035,4916.719999999999,14866.34,4.42,0.13,3.02,5.56
2025-05-25,Google,NY,Non-Branded Search,569100,25792,3735.92,11909.41,4.53,0.14,3.19,6.56
2025-05-25,TikTok,CA,Retargeting,784556,12932,7139.42,21427.06,1.65,0.55,3.0,9.1
2025-05-25,TikTok,CA,Spark Ads,443738,5838,4301.360000000001,10139.85,1.32,0.74,2.36,9.69
2025-05-26,Facebook,CA,ASC,405910,5728,5249.71,14844.150000000001,1.41,0.92,2.83,12.93
2025-05-26,Facebook,CA,Prospecting,322248,3941,3981.96,8728.710000000001,1.22,1.01,2.19,12.36
2025-05-26,Facebook,NY,ASC,523899,7581,4929.63,12798.05,1.45,0.65,2.6,9.41
2025-05-26,Facebook,NY,Prospecting,392359,4861,3703.4,8402.16,1.24,0.76,2.27,9.44
2025-05-26,Google,CA,Display,122778,473,574.06,1038.95,0.39,1.21,1.81,4.68
2025-05-26,Google,CA,Non-Branded Search,1258519,54614,9792.529999999999,30624.17,4.34,0.18,3.13,7.78
2025-05-26,Google,NY,Non-Branded Search,663549,30855,4675.61,13797.39,4.65,0.15,2.95,7.05
2025-05-26,TikTok,CA,Retargeting,860633,14073,6014.860000000001,18741.77,1.64,0.43,3.12,6.99
2025-05-26,TikTok,CA,Spark Ads,411433,5436,2929.66,6636.9,1.32,0.54,2.27,7.12
2025-05-27,Facebook,CA,ASC,194174,2673,1703.98,5099.05,1.38,0.64,2.99,8.78
2025-05-27,Facebook,CA,Prospecting,313127,3653,2737.73,6410.34,1.17,0.75,2.34,8.74
2025-05-27,Facebook,NY,ASC,524559,7652,6284.4400000000005,17941.25,1.46,0.82,2.85,11.98
2025-05-27,Facebook,NY,Prospecting,441143,5645,4628.21,11106.41,1.28,0.82,2.4,10.49
2025-05-27,Google,CA,Display,252126,911,2150.48,3282.96,0.36,2.36,1.53,8.53
2025-05-27,Google,CA,Non-Branded Search,1069929,47670,6532.33,20921.39,4.46,0.14,3.2,6.11
2025-05-27,Google,NY,Non-Branded Search,736998,33580,4313.88,14098.65,4.56,0.13,3.27,5.85
2025-05-27,TikTok,CA,Retargeting,912370,14342,6434.9400000000005,19085.2,1.57,0.45,2.97,7.05
2025-05-27,TikTok,CA,Spark Ads,381241,4839,2736.3900000000003,6543.469999999999,1.27,0.57,2.39,7.18
2025-05-28,Facebook,CA,ASC,426221,5974,4380.57,12217.42,1.4,0.73,2.79,10.28
2025-05-28,Facebook,CA,Prospecting,363905,4537,3649.01,8917.150000000001,1.25,0.8,2.44,10.03
2025-05-28,Facebook,NY,ASC,840347,11576,8560.44,23996.68,1.38,0.74,2.8,10.19
2025-05-28,Facebook,NY,Prospecting,565013,6563,6343.62,14971.78,1.16,0.97,2.36,11.23
2025-05-28,Google,CA,Display,176920,656,1023.34,1741.06,0.37,1.56,1.7,5.78
2025-05-28,Google,CA,Non-Branded Search,1196080,52511,7956.91,25210.53,4.39,0.15,3.17,6.65
2025-05-28,Google,NY,Non-Branded Search,560361,26324,2995.47,8378.61,4.7,0.11,2.8,5.35
2025-05-28,TikTok,CA,Retargeting,903977,14876,7595.83,23183.35,1.65,0.51,3.05,8.4
2025-05-28,TikTok,CA,Spark Ads,476477,5872,3680.24,7796.650000000001,1.23,0.63,2.12,7.72
2025-05-29,Facebook,CA,ASC,393561,5899,3393.52,10251.369999999999,1.5,0.58,3.02,8.62
2025-05-29,Facebook,CA,Prospecting,282829,3549,2458.7200000000003,6612.3099999999995,1.25,0.69,2.69,8.69
2025-05-29,Facebook,NY,ASC,677188,10496,6687.79,20583.36,1.55,0.64,3.08,9.88
2025-05-29,Facebook,NY,Prospecting,536391,6142,5405.61,13775.67,1.15,0.88,2.55,10.08
2025-05-29,Google,CA,Display,238745,976,971.86,1555.58,0.41,1.0,1.6,4.07
2025-05-29,Google,CA,Non-Branded Search,1356658,59516,7804.17,25488.420000000002,4.39,0.13,3.27,5.75
2025-05-29,Google,NY,Non-Branded Search,649948,30509,5901.98,18338.84,4.69,0.19,3.11,9.08
2025-05-29,TikTok,CA,Retargeting,925473,15035,8634.07,25459.45,1.62,0.57,2.95,9.33
2025-05-29,TikTok,CA,Spark Ads,472842,5797,3302.6800000000003,7554.02,1.23,0.57,2.29,6.98
2025-05-30,Facebook,CA,ASC,423517,6263,4917.07,13357.259999999998,1.48,0.79,2.72,11.61
2025-05-30,Facebook,CA,Prospecting,380009,4511,4855.7699999999995,11364.75,1.19,1.08,2.34,12.78
2025-05-30,Facebook,NY,ASC,583250,8933,6846.66,19521.760000000002,1.53,0.77,2.85,11.74
2025-05-30,Facebook,NY,Prospecting,494791,6175,5233.92,12035.42,1.25,0.85,2.3,10.58
2025-05-30,Google,CA,Display,262553,1154,1184.37,2045.44,0.44,1.03,1.73,4.51
2025-05-30,Google,CA,Non-Branded Search,1203111,53436,8684.92,28544.260000000002,4.44,0.16,3.29,7.22
2025-05-30,Google,NY,Non-Branded Search,654123,28244,4030.87,12136.82,4.32,0.14,3.01,6.16
2025-05-30,TikTok,CA,Retargeting,900764,14504,7291.57,21149.84,1.61,0.5,2.9,8.09
2025-05-30,TikTok,CA,Spark Ads,394057,5514,3932.24,9271.47,1.4,0.71,2.36,9.98
2025-05-31,Facebook,CA,ASC,468387,6583,4640.27,12304.42,1.41,0.7,2.65,9.91
2025-05-31,Facebook,CA,Prospecting,376705,4847,3202.6400000000003,7201.879999999999,1.29,0.66,2.25,8.5
2025-05-31,Facebook,NY,ASC,464245,6924,5997.28,15296.400000000001,1.49,0.87,2.55,12.92
2025-05-31,Facebook,NY,Prospecting,661634,7660,5698.6900000000005,14005.41,1.16,0.74,2.46,8.61
2025-05-31,Google,CA,Display,113477,417,1189.43,1625.86,0.37,2.85,1.37,10.48
2025-05-31,Google,CA,Non-Branded Search,1363857,63479,9126.47,29530.03,4.65,0.14,3.24,6.69
2025-05-31,Google,NY,Non-Branded Search,704627,32857,3945.49,13901.64,4.66,0.12,3.52,5.6
2025-05-31,TikTok,CA,Retargeting,975875,16119,7737.76,23541.260000000002,1.65,0.48,3.04,7.93
2025-05-31,TikTok,CA,Spark Ads,391295,4966,3248.49,7996.63,1.27,0.65,2.46,8.3
2025-06-01,Facebook,CA,ASC,349522,5427,3745.09,10023.98,1.55,0.69,2.68,10.71
2025-06-01,Facebook,CA,Prospecting,276060,3110,3179.19,7740.969999999999,1.13,1.02,2.43,11.52
2025-06-01,Facebook,NY,ASC,513753,7885,4248.17,11365.58,1.53,0.54,2.68,8.27
2025-06-01,Facebook,NY,Prospecting,411652,4798,3372.35,8410.21,1.17,0.7,2.49,8.19
2025-06-01,Google,CA,Display,107217,399,302.56,481.14,0.37,0.76,1.59,2.82
2025-06-01,Google,CA,Non-Branded Search,1296713,61079,7730.25,25854.61,4.71,0.13,3.34,5.96
2025-06-01,Google,NY,Non-Branded Search,1252252,54037,11482.89,36468.54,4.32,0.21,3.18,9.17
2025-06-01,TikTok,CA,Retargeting,1191715,19735,8651.61,26580.4,1.66,0.44,3.07,7.26
2025-06-01,TikTok,CA,Spark Ads,338162,4581,2679.35,6695.28,1.35,0.58,2.5,7.92
2025-06-02,Facebook,CA,ASC,456801,7219,3954.56,11650.3,1.58,0.55,2.95,8.66
2025-06-02,Facebook,CA,Prospecting,542960,6769,5702.34,14413.84,1.25,0.84,2.53,10.5
2025-06-02,Facebook,NY,ASC,444274,6499,5312.79,14306.630000000001,1.46,0.82,2.69,11.96
2025-06-02,Facebook,NY,Prospecting,431209,5456,4823.91,10903.36,1.27,0.88,2.26,11.19
2025-06-02,Google,CA,Display,146109,557,827.56,1443.43,0.38,1.49,1.74,5.66
2025-06-02,Google,CA,Non-Branded Search,1553096,68709,9256.349999999999,29460.02,4.42,0.13,3.18,5.96
2025-06-02,Google,NY,Non-Branded Search,732062,33980,4443.74,13911.7,4.64,0.13,3.13,6.07
2025-06-02,TikTok,CA,Retargeting,1062564,16921,7793.79,23261.61,1.59,0.46,2.98,7.33
2025-06-02,TikTok,CA,Spark Ads,537132,6874,3992.76,9986.79,1.28,0.58,2.5,7.43
2025-06-03,Facebook,CA,ASC,412779,6143,4256.32,12832.83,1.49,0.69,3.02,10.31
2025-06-03,Facebook,CA,Prospecting,282765,3438,3409.9700000000003,7888.389999999999,1.22,0.99,2.31,12.06
2025-06-03,Facebook,NY,ASC,578296,8873,5850.98,17392.65,1.53,0.66,2.97,10.12
2025-06-03,Facebook,NY,Prospecting,489174,6136,4670.6900000000005,11201.79,1.25,0.76,2.4,9.55
2025-06-03,Google,CA,Display,191132,720,2057.5,2785.2,0.38,2.86,1.35,10.76
2025-06-03,Google,CA,Non-Branded Search,1417844,66227,11036.15,36576.020000000004,4.67,0.17,3.31,7.78
2025-06-03,Google,NY,Non-Branded Search,621418,28134,3809.95,12033.01,4.53,0.14,3.16,6.13
2025-06-03,TikTok,CA,Retargeting,1087355,17294,10524.64,31343.6,1.59,0.61,2.98,9.68
2025-06-03,TikTok,CA,Spark Ads,811745,11027,5616.4400000000005,12632.1,1.36,0.51,2.25,6.92
2025-06-04,Facebook,CA,ASC,573383,8692,3913.21,10499.39,1.52,0.45,2.68,6.82
2025-06-04,Facebook,CA,Prospecting,514178,6198,6104.68,15378.59,1.21,0.98,2.52,11.87
2025-06-04,Facebook,NY,ASC,503859,7195,6110.889999999999,15915.189999999999,1.43,0.85,2.6,12.13
2025-06-04,Facebook,NY,Prospecting,485989,5648,4565.97,11821.150000000001,1.16,0.81,2.59,9.4
2025-06-04,Google,CA,Display,183602,784,766.05,1209.12,0.43,0.98,1.58,4.17
2025-06-04,Google,CA,Non-Branded Search,1413809,65919,7237.88,24715.41,4.66,0.11,3.41,5.12
2025-06-04,Google,NY,Non-Branded Search,709567,32553,4340.3099999999995,14641.580000000002,4.59,0.13,3.37,6.12
2025-06-04,TikTok,CA,Retargeting,1285811,21279,9698.57,28654.9,1.65,0.46,2.95,7.54
2025-06-04,TikTok,CA,Spark Ads,393632,5174,4087.4100000000003,10359.39,1.31,0.79,2.53,10.38
2025-06-05,Facebook,CA,ASC,394649,6048,4055.24,9633.92,1.53,0.67,2.38,10.28
2025-06-05,Facebook,CA,Prospecting,367845,4510,5451.52,13611.0,1.23,1.21,2.5,14.82
2025-06-05,Facebook,NY,ASC,551879,8881,4898.41,14754.560000000001,1.61,0.55,3.01,8.88
2025-06-05,Facebook,NY,Prospecting,514498,6410,5472.639999999999,13216.17,1.25,0.85,2.41,10.64
2025-06-05,Google,CA,Display,105164,386,622.59,974.11,0.37,1.61,1.56,5.92
2025-06-05,Google,CA,Non-Branded Search,1302169,56657,8152.76,25993.57,4.35,0.14,3.19,6.26
2025-06-05,Google,NY,Non-Branded Search,652954,29351,4471.82,13617.99,4.5,0.15,3.05,6.85
2025-06-05,TikTok,CA,Retargeting,1338111,20843,12138.08,36466.89,1.56,0.58,3.0,9.07
2025-06-05,TikTok,CA,Spark Ads,294662,3828,2120.48,4963.22,1.3,0.55,2.34,7.2
2025-06-06,Facebook,CA,ASC,488941,6725,6216.570000000001,15373.439999999999,1.38,0.92,2.47,12.71
2025-06-06,Facebook,CA,Prospecting,534306,6036,6845.43,18618.12,1.13,1.13,2.72,12.81
2025-06-06,Facebook,NY,ASC,617088,9393,4590.02,12842.58,1.52,0.49,2.8,7.44
2025-06-06,Facebook,NY,Prospecting,465800,5518,5371.76,12856.779999999999,1.18,0.97,2.39,11.53
2025-06-06,Google,CA,Display,250606,929,2042.06,3090.09,0.37,2.2,1.51,8.15
2025-06-06,Google,CA,Non-Branded Search,1409902,62019,8197.06,24222.15,4.4,0.13,2.95,5.81
2025-06-06,Google,NY,Non-Branded Search,729043,31489,5787.52,19098.78,4.32,0.18,3.3,7.94
2025-06-06,TikTok,CA,Retargeting,910132,14810,8469.619999999999,25520.75,1.63,0.57,3.01,9.31
2025-06-06,TikTok,CA,Spark Ads,553504,7299,4280.22,11133.61,1.32,0.59,2.6,7.73
2025-06-07,Facebook,CA,ASC,580528,9468,5522.87,14851.04,1.63,0.58,2.69,9.51
2025-06-07,Facebook,CA,Prospecting,245711,2755,1911.5100000000002,4991.5,1.12,0.69,2.61,7.78
2025-06-07,Facebook,NY,ASC,714949,9855,7385.650000000001,22049.03,1.38,0.75,2.99,10.33
2025-06-07,Facebook,NY,Prospecting,596542,7197,4623.49,10064.1,1.21,0.64,2.18,7.75
2025-06-07,Google,CA,Display,436008,1682,2903.29,4761.76,0.39,1.73,1.64,6.66
2025-06-07,Google,CA,Non-Branded Search,1306269,60458,9129.65,28904.25,4.63,0.15,3.17,6.99
2025-06-07,Google,NY,Non-Branded Search,732818,31065,3169.79,11145.57,4.24,0.1,3.52,4.33
2025-06-07,TikTok,CA,Retargeting,917097,14299,7085.46,21506.17,1.56,0.5,3.04,7.73
2025-06-07,TikTok,CA,Spark Ads,325896,4216,3040.0499999999997,7979.44,1.29,0.72,2.62,9.33
2025-06-08,Facebook,CA,ASC,443678,6730,3502.3599999999997,8740.91,1.52,0.52,2.5,7.89
2025-06-08,Facebook,CA,Prospecting,477651,6187,3719.7,8740.560000000001,1.3,0.6,2.35,7.79
2025-06-08,Facebook,NY,ASC,484816,7203,5233.99,14838.58,1.49,0.73,2.84,10.8
2025-06-08,Facebook,NY,Prospecting,752998,9594,7141.93,18735.85,1.27,0.74,2.62,9.48
2025-06-08,Google,CA,Display,157482,646,1204.79,1894.72,0.41,1.86,1.57,7.65
2025-06-08,Google,CA,Non-Branded Search,1837312,82747,11391.38,35069.49,4.5,0.14,3.08,6.2
2025-06-08,Google,NY,Non-Branded Search,687046,29462,3332.55,11346.19,4.29,0.11,3.4,4.85
2025-06-08,TikTok,CA,Retargeting,1221991,19519,8581.52,25831.6,1.6,0.44,3.01,7.02
2025-06-08,TikTok,CA,Spark Ads,420072,5363,2410.01,5947.969999999999,1.28,0.45,2.47,5.74
2025-06-09,Facebook,CA,ASC,550762,8075,6122.13,17293.04,1.47,0.76,2.82,11.12
2025-06-09,Facebook,CA,Prospecting,431627,4998,3742.0099999999998,9440.560000000001,1.16,0.75,2.52,8.67
2025-06-09,Facebook,NY,ASC,514490,8044,5065.25,13707.86,1.56,0.63,2.71,9.85
2025-06-09,Facebook,NY,Prospecting,524748,6198,4382.75,10801.76,1.18,0.71,2.46,8.35
2025-06-09,Google,CA,Display,154726,561,1641.52,3064.78,0.36,2.93,1.87,10.61
2025-06-09,Google,CA,Non-Branded Search,1321367,60273,10386.87,35373.77,4.56,0.17,3.41,7.86
2025-06-09,Google,NY,Non-Branded Search,914668,41100,5800.83,17380.31,4.49,0.14,3.0,6.34
2025-06-09,TikTok,CA,Retargeting,1274217,20357,11913.97,36800.57,1.6,0.59,3.09,9.35
2025-06-09,TikTok,CA,Spark Ads,487808,6553,3627.6800000000003,9473.04,1.34,0.55,2.61,7.44
2025-06-10,Facebook,CA,ASC,586978,8805,6906.17,20919.78,1.5,0.78,3.03,11.77
2025-06-10,Facebook,CA,Prospecting,378388,4684,3364.93,8387.42,1.24,0.72,2.49,8.89
2025-06-10,Facebook,NY,ASC,532925,7739,4975.93,14536.74,1.45,0.64,2.92,9.34
2025-06-10,Facebook,NY,Prospecting,480294,6219,3955.14,9505.54,1.29,0.64,2.4,8.23
2025-06-10,Google,CA,Display,126016,512,863.71,1348.18,0.41,1.69,1.56,6.85
2025-06-10,Google,CA,Non-Branded Search,860268,40055,5186.04,17138.469999999998,4.66,0.13,3.3,6.03
2025-06-10,Google,NY,Non-Branded Search,629720,28710,4331.3099999999995,13472.65,4.56,0.15,3.11,6.88
2025-06-10,TikTok,CA,Retargeting,867336,13798,6964.12,20146.949999999997,1.59,0.5,2.89,8.03
2025-06-10,TikTok,CA,Spark Ads,592409,7732,4321.96,10479.88,1.31,0.56,2.42,7.3
2025-06-11,Facebook,CA,ASC,324115,5097,3609.91,10628.79,1.57,0.71,2.94,11.14
2025-06-11,Facebook,CA,Prospecting,312687,3931,3433.43,8676.7,1.26,0.87,2.53,10.98
2025-06-11,Facebook,NY,ASC,390151,6077,4852.3,12680.69,1.56,0.8,2.61,12.44
2025-06-11,Facebook,NY,Prospecting,583126,7341,5117.92,12258.58,1.26,0.7,2.4,8.78
2025-06-11,Google,CA,Display,175833,700,1784.63,3120.03,0.4,2.55,1.75,10.15
2025-06-11,Google,CA,Non-Branded Search,1898885,84276,11558.94,38144.55,4.44,0.14,3.3,6.09
2025-06-11,Google,NY,Non-Branded Search,1028342,45213,6476.32,18379.53,4.4,0.14,2.84,6.3
2025-06-11,TikTok,CA,Retargeting,1242256,19319,10243.93,31086.87,1.56,0.53,3.03,8.25
2025-06-11,TikTok,CA,Spark Ads,645560,8037,4425.93,10227.5,1.24,0.55,2.31,6.86
2025-06-12,Facebook,CA,ASC,521623,7965,5110.49,15276.61,1.53,0.64,2.99,9.8
2025-06-12,Facebook,CA,Prospecting,326819,4014,2730.73,7071.8,1.23,0.68,2.59,8.36
2025-06-12,Facebook,NY,ASC,425346,6184,4984.68,14654.310000000001,1.45,0.81,2.94,11.72
2025-06-12,Facebook,NY,Prospecting,569985,6295,5016.35,11408.32,1.1,0.8,2.27,8.8
2025-06-12,Google,CA,Display,257582,1038,951.08,1522.24,0.4,0.92,1.6,3.69
2025-06-12,Google,CA,Non-Branded Search,1231667,59575,8844.57,29735.7,4.84,0.15,3.36,7.18
2025-06-12,Google,NY,Non-Branded Search,679357,29434,4805.37,15590.97,4.33,0.16,3.24,7.07
2025-06-12,TikTok,CA,Retargeting,1010920,16783,8663.4,25041.82,1.66,0.52,2.89,8.57
2025-06-12,TikTok,CA,Spark Ads,430999,5454,3703.52,7693.4,1.27,0.68,2.08,8.59
2025-06-13,Facebook,CA,ASC,619935,9445,5652.69,15042.900000000001,1.52,0.6,2.66,9.12
2025-06-13,Facebook,CA,Prospecting,384643,4771,5608.1,12759.630000000001,1.24,1.18,2.28,14.58
2025-06-13,Facebook,NY,ASC,513298,7623,5001.13,13983.4,1.49,0.66,2.8,9.74
2025-06-13,Facebook,NY,Prospecting,486037,6016,4114.4400000000005,8884.52,1.24,0.68,2.16,8.47
2025-06-13,Google,CA,Display,169080,653,1521.57,2456.43,0.39,2.33,1.61,9.0
2025-06-13,Google,CA,Non-Branded Search,1312870,59783,9953.55,31430.93,4.55,0.17,3.16,7.58
2025-06-13,Google,NY,Non-Branded Search,744703,35621,5521.5,18207.6,4.78,0.16,3.3,7.41
2025-06-13,TikTok,CA,Retargeting,1025618,17262,8520.81,26197.15,1.68,0.49,3.07,8.31
2025-06-13,TikTok,CA,Spark Ads,702056,8827,4587.81,11596.86,1.26,0.52,2.53,6.53
2025-06-14,Facebook,CA,ASC,406992,6485,3779.9,10106.07,1.59,0.58,2.67,9.29
2025-06-14,Facebook,CA,Prospecting,506241,5841,6708.09,17380.06,1.15,1.15,2.59,13.25
2025-06-14,Facebook,NY,ASC,425401,6507,4815.01,12573.43,1.53,0.74,2.61,11.32
2025-06-14,Facebook,NY,Prospecting,466742,5348,3446.71,8404.65,1.15,0.64,2.44,7.38
2025-06-14,Google,CA,Display,285459,1069,2733.04,4371.61,0.37,2.56,1.6,9.57
2025-06-14,Google,CA,Non-Branded Search,1290773,57219,8471.65,28439.94,4.43,0.15,3.36,6.56
2025-06-14,Google,NY,Non-Branded Search,778601,35543,5536.299999999999,18391.85,4.56,0.16,3.32,7.11
2025-06-14,TikTok,CA,Retargeting,987738,16012,7612.66,22985.11,1.62,0.48,3.02,7.71
2025-06-14,TikTok,CA,Spark Ads,510266,6742,2986.6,7073.15,1.32,0.44,2.37,5.85
2025-06-15,Facebook,CA,ASC,506911,7304,4934.92,12986.45,1.44,0.68,2.63,9.74
2025-06-15,Facebook,CA,Prospecting,439983,4948,3153.5,7524.69,1.12,0.64,2.39,7.17
2025-06-15,Facebook,NY,ASC,368875,5658,4199.93,11508.03,1.53,0.74,2.74,11.39
2025-06-15,Facebook,NY,Prospecting,568814,7008,6291.89,15090.18,1.23,0.9,2.4,11.06
2025-06-15,Google,CA,Display,209470,877,1833.01,3241.98,0.42,2.09,1.77,8.75
2025-06-15,Google,CA,Non-Branded Search,1174266,53049,8711.07,29793.309999999998,4.52,0.16,3.42,7.42
2025-06-15,Google,NY,Non-Branded Search,596579,28588,4081.1499999999996,12379.25,4.79,0.14,3.03,6.84
2025-06-15,TikTok,CA,Retargeting,1045646,16842,8877.34,24539.19,1.61,0.53,2.76,8.49
2025-06-15,TikTok,CA,Spark Ads,393895,5218,2514.2799999999997,6267.57,1.32,0.48,2.49,6.38
2025-06-16,Facebook,CA,ASC,381098,5462,4110.84,10286.220000000001,1.43,0.75,2.5,10.79
2025-06-16,Facebook,CA,Prospecting,312039,3706,3546.5,7536.360000000001,1.19,0.96,2.13,11.37
2025-06-16,Facebook,NY,ASC,723029,10693,6806.67,16778.25,1.48,0.64,2.46,9.41
2025-06-16,Facebook,NY,Prospecting,568654,7077,5467.4400000000005,11200.46,1.24,0.77,2.05,9.61
2025-06-16,Google,CA,Display,69238,292,377.08,670.6,0.42,1.29,1.78,5.45
2025-06-16,Google,CA,Non-Branded Search,1158565,52061,7484.67,24719.12,4.49,0.14,3.3,6.46
2025-06-16,Google,NY,Non-Branded Search,531889,24582,3516.42,11897.900000000001,4.62,0.14,3.38,6.61
2025-06-16,TikTok,CA,Retargeting,996031,15985,6430.37,19986.34,1.6,0.4,3.11,6.46
2025-06-16,TikTok,CA,Spark Ads,395839,5504,4166.35,10452.95,1.39,0.76,2.51,10.53
2025-06-17,Facebook,CA,ASC,359433,5205,4168.28,12172.619999999999,1.45,0.8,2.92,11.6
2025-06-17,Facebook,CA,Prospecting,428978,5081,4326.82,11000.880000000001,1.18,0.85,2.54,10.09
2025-06-17,Facebook,NY,ASC,697105,10380,7324.75,20101.98,1.49,0.71,2.74,10.51
2025-06-17,Facebook,NY,Prospecting,491779,5936,3543.13,7755.960000000001,1.21,0.6,2.19,7.2
2025-06-17,Google,CA,Display,141049,544,807.59,1266.98,0.39,1.48,1.57,5.73
2025-06-17,Google,CA,Non-Branded Search,1096784,48939,8508.8,27881.93,4.46,0.17,3.28,7.76
2025-06-17,Google,NY,Non-Branded Search,634595,29618,3682.5600000000004,11994.54,4.67,0.12,3.26,5.8
2025-06-17,TikTok,CA,Retargeting,793880,13023,7174.59,21235.82,1.64,0.55,2.96,9.04
2025-06-17,TikTok,CA,Spark Ads,471984,6424,2858.64,6939.43,1.36,0.44,2.43,6.06
2025-06-18,Facebook,CA,ASC,364843,5441,3799.79,10327.96,1.49,0.7,2.72,10.41
2025-06-18,Facebook,CA,Prospecting,302942,3665,3228.33,8460.279999999999,1.21,0.88,2.62,10.66
2025-06-18,Facebook,NY,ASC,352930,5452,2705.89,7514.04,1.54,0.5,2.78,7.67
2025-06-18,Facebook,NY,Prospecting,555884,7025,4448.35,11233.08,1.26,0.63,2.53,8.0
2025-06-18,Google,CA,Display,159338,591,743.66,1127.75,0.37,1.26,1.52,4.67
2025-06-18,Google,CA,Non-Branded Search,953249,43262,7133.32,22206.56,4.54,0.16,3.11,7.48
2025-06-18,Google,NY,Non-Branded Search,904020,42932,6949.389999999999,20962.55,4.75,0.16,3.02,7.69
2025-06-18,TikTok,CA,Retargeting,963051,14945,6486.16,19424.44,1.55,0.43,2.99,6.74
2025-06-18,TikTok,CA,Spark Ads,473868,6077,4156.01,9701.82,1.28,0.68,2.33,8.77
2025-06-19,Facebook,CA,ASC,206781,3030,2201.0699999999997,5933.41,1.47,0.73,2.7,10.64
2025-06-19,Facebook,CA,Prospecting,346479,3901,3778.73,9776.42,1.13,0.97,2.59,10.91
2025-06-19,Facebook,NY,ASC,480944,7200,4567.93,12506.630000000001,1.5,0.63,2.74,9.5
2025-06-19,Facebook,NY,Prospecting,326619,4104,2806.68,6641.68,1.26,0.68,2.37,8.59
2025-06-19,Google,CA,Display,116371,489,873.35,1272.72,0.42,1.79,1.46,7.5
2025-06-19,Google,CA,Non-Branded Search,1213776,54879,8117.99,24875.85,4.52,0.15,3.06,6.69
2025-06-19,Google,NY,Non-Branded Search,916495,41094,5594.25,17864.63,4.48,0.14,3.19,6.1
2025-06-19,TikTok,CA,Retargeting,879678,13339,7213.9400000000005,20915.87,1.52,0.54,2.9,8.2
2025-06-19,TikTok,CA,Spark Ads,330926,4366,3064.29,7712.56,1.32,0.7,2.52,9.26
2025-06-20,Facebook,CA,ASC,368104,5620,2774.8599999999997,7574.74,1.53,0.49,2.73,7.54
2025-06-20,Facebook,CA,Prospecting,311446,3639,3383.2,8162.44,1.17,0.93,2.41,10.86
2025-06-20,Facebook,NY,ASC,639851,9745,7202.38,21380.47,1.52,0.74,2.97,11.26
2025-06-20,Facebook,NY,Prospecting,389519,5003,3138.49,6880.4,1.28,0.63,2.19,8.06
2025-06-20,Google,CA,Display,117434,488,415.07,694.81,0.42,0.85,1.67,3.53
2025-06-20,Google,CA,Non-Branded Search,920099,41814,6198.34,17322.71,4.54,0.15,2.79,6.74
2025-06-20,Google,NY,Non-Branded Search,730262,32382,4581.360000000001,13809.759999999998,4.43,0.14,3.01,6.27
2025-06-20,TikTok,CA,Retargeting,786146,12296,6278.6900000000005,18401.78,1.56,0.51,2.93,7.99
2025-06-20,TikTok,CA,Spark Ads,399473,5116,4139.48,10063.71,1.28,0.81,2.43,10.36
2025-06-21,Facebook,CA,ASC,280446,4287,3580.17,8279.619999999999,1.53,0.84,2.31,12.77
2025-06-21,Facebook,CA,Prospecting,209923,2536,2148.59,5619.08,1.21,0.85,2.62,10.24
2025-06-21,Facebook,NY,ASC,639240,9291,6667.02,18044.54,1.45,0.72,2.71,10.43
2025-06-21,Facebook,NY,Prospecting,432058,5232,5124.3,12470.43,1.21,0.98,2.43,11.86
2025-06-21,Google,CA,Display,114791,476,1171.63,1796.8,0.41,2.46,1.53,10.21
2025-06-21,Google,CA,Non-Branded Search,1023752,46510,6880.0599999999995,20613.36,4.54,0.15,3.0,6.72
2025-06-21,Google,NY,Non-Branded Search,471890,22868,2892.65,8126.280000000001,4.85,0.13,2.81,6.13
2025-06-21,TikTok,CA,Retargeting,882866,14168,6148.23,18785.58,1.6,0.43,3.06,6.96
2025-06-21,TikTok,CA,Spark Ads,373165,4969,3796.94,8566.28,1.33,0.76,2.26,10.17
2025-06-22,Facebook,CA,ASC,459346,7297,4222.38,12034.73,1.59,0.58,2.85,9.19
2025-06-22,Facebook,CA,Prospecting,247683,3205,2083.86,5376.3,1.29,0.65,2.58,8.41
2025-06-22,Facebook,NY,ASC,374540,5705,3707.41,9442.37,1.52,0.65,2.55,9.9
2025-06-22,Facebook,NY,Prospecting,612786,7459,6637.9,14802.93,1.22,0.89,2.23,10.83
2025-06-22,Google,CA,Display,174209,744,1245.93,1658.36,0.43,1.67,1.33,7.15
2025-06-22,Google,CA,Non-Branded Search,1215721,56856,6284.11,19245.15,4.68,0.11,3.06,5.17
2025-06-22,Google,NY,Non-Branded Search,752506,35215,6068.74,18667.17,4.68,0.17,3.08,8.06
2025-06-22,TikTok,CA,Retargeting,988987,15661,6864.610000000001,20989.23,1.58,0.44,3.06,6.94
2025-06-22,TikTok,CA,Spark Ads,323932,4355,2471.35,6174.24,1.34,0.57,2.5,7.63
2025-06-23,Facebook,CA,ASC,348814,5426,3191.13,8176.629999999999,1.56,0.59,2.56,9.15
2025-06-23,Facebook,CA,Prospecting,458622,5337,4183.38,9883.59,1.16,0.78,2.36,9.12
2025-06-23,Facebook,NY,ASC,503605,7510,3598.5600000000004,10469.07,1.49,0.48,2.91,7.15
2025-06-23,Facebook,NY,Prospecting,425692,5400,3915.6900000000005,9074.04,1.27,0.73,2.32,9.2
2025-06-23,Google,CA,Display,164160,699,1308.36,2495.12,0.43,1.87,1.91,7.97
2025-06-23,Google,CA,Non-Branded Search,819947,36667,5275.48,17524.35,4.47,0.14,3.32,6.43
2025-06-23,Google,NY,Non-Branded Search,598016,26361,4482.83,12896.619999999999,4.41,0.17,2.88,7.5
2025-06-23,TikTok,CA,Retargeting,1094483,18089,9968.980000000001,29925.84,1.65,0.55,3.0,9.11
2025-06-23,TikTok,CA,Spark Ads,535416,6843,5210.25,11552.28,1.28,0.76,2.22,9.73
2025-06-24,Facebook,CA,ASC,363884,5654,4020.3900000000003,10895.23,1.55,0.71,2.71,11.05
2025-06-24,Facebook,CA,Prospecting,398568,4696,3659.2200000000003,8243.18,1.18,0.78,2.25,9.18
2025-06-24,Facebook,NY,ASC,472244,6971,4675.62,12176.97,1.48,0.67,2.6,9.9
2025-06-24,Facebook,NY,Prospecting,419296,5220,3381.81,8016.06,1.24,0.65,2.37,8.07
2025-06-24,Google,CA,Display,95740,388,916.24,1432.47,0.41,2.36,1.56,9.57
2025-06-24,Google,CA,Non-Branded Search,982502,44742,5284.26,17382.86,4.55,0.12,3.29,5.38
2025-06-24,Google,NY,Non-Branded Search,527323,23330,3657.84,11150.210000000001,4.42,0.16,3.05,6.94
2025-06-24,TikTok,CA,Retargeting,1196338,19080,8942.880000000001,26741.05,1.59,0.47,2.99,7.48
2025-06-24,TikTok,CA,Spark Ads,309577,3971,3049.7400000000002,7830.379999999999,1.28,0.77,2.57,9.85
2025-06-25,Facebook,CA,ASC,526117,8194,5738.25,16489.55,1.56,0.7,2.87,10.91
2025-06-25,Facebook,CA,Prospecting,340648,4079,2877.14,7378.62,1.2,0.71,2.56,8.45
2025-06-25,Facebook,NY,ASC,378427,5908,4036.87,11043.779999999999,1.56,0.68,2.74,10.67
2025-06-25,Facebook,NY,Prospecting,413779,4916,3082.35,7284.92,1.19,0.63,2.36,7.45
2025-06-25,Google,CA,Display,142457,574,769.43,1286.16,0.4,1.34,1.67,5.4
2025-06-25,Google,CA,Non-Branded Search,1109067,49623,7150.969999999999,24331.98,4.47,0.14,3.4,6.45
2025-06-25,Google,NY,Non-Branded Search,812037,38591,6530.0599999999995,21418.66,4.75,0.17,3.28,8.04
2025-06-25,TikTok,CA,Retargeting,804278,12583,5945.75,17149.42,1.56,0.47,2.88,7.39
2025-06-25,TikTok,CA,Spark Ads,276612,3467,2135.87,5320.26,1.25,0.62,2.49,7.72
2025-06-26,Facebook,CA,ASC,327414,4680,2770.59,8441.2,1.43,0.59,3.05,8.46
2025-06-26,Facebook,CA,Prospecting,220404,2680,2019.0,4175.03,1.22,0.75,2.07,9.16
2025-06-26,Facebook,NY,ASC,506815,7571,5092.96,14481.44,1.49,0.67,2.84,10.05
2025-06-26,Facebook,NY,Prospecting,407101,4607,3914.7,9100.56,1.13,0.85,2.32,9.62
2025-06-26,Google,CA,Display,192242,777,1669.45,2942.12,0.4,2.15,1.76,8.68
2025-06-26,Google,CA,Non-Branded Search,1422716,64453,10054.69,30263.99,4.53,0.16,3.01,7.07
2025-06-26,Google,NY,Non-Branded Search,465030,20498,3693.22,12799.529999999999,4.41,0.18,3.47,7.94
2025-06-26,TikTok,CA,Retargeting,842866,13341,6619.17,18935.93,1.58,0.5,2.86,7.85
2025-06-26,TikTok,CA,Spark Ads,433948,5597,3183.2,8646.33,1.29,0.57,2.72,7.34
2025-06-27,Facebook,CA,ASC,400253,5958,4533.25,11778.560000000001,1.49,0.76,2.6,11.33
2025-06-27,Facebook,CA,Prospecting,149619,1898,1590.06,3616.88,1.27,0.84,2.27,10.63
2025-06-27,Facebook,NY,ASC,476368,6825,4044.5,10786.23,1.43,0.59,2.67,8.49
2025-06-27,Facebook,NY,Prospecting,419229,4700,4099.9,9920.65,1.12,0.87,2.42,9.78
2025-06-27,Google,CA,Display,183983,739,1725.69,2295.37,0.4,2.34,1.33,9.38
2025-06-27,Google,CA,Non-Branded Search,976847,44258,5304.93,16765.489999999998,4.53,0.12,3.16,5.43
2025-06-27,Google,NY,Non-Branded Search,497788,21655,3009.02,9002.619999999999,4.35,0.14,2.99,6.04
2025-06-27,TikTok,CA,Retargeting,908232,14374,8326.69,23820.9,1.58,0.58,2.86,9.17
2025-06-27,TikTok,CA,Spark Ads,356127,4831,3618.8599999999997,9154.36,1.36,0.75,2.53,10.16
2025-06-28,Facebook,CA,ASC,272660,4448,3066.96,7720.790000000001,1.63,0.69,2.52,11.25
2025-06-28,Facebook,CA,Prospecting,337128,4089,3070.82,7273.11,1.21,0.75,2.37,9.11
2025-06-28,Facebook,NY,ASC,526288,7390,4245.43,12684.68,1.4,0.57,2.99,8.07
2025-06-28,Facebook,NY,Prospecting,648977,7429,7563.99,17537.870000000003,1.14,1.02,2.32,11.66
2025-06-28,Google,CA,Display,136876,578,497.54,946.13,0.42,0.86,1.9,3.63
2025-06-28,Google,CA,Non-Branded Search,1123287,49887,8222.82,28316.96,4.44,0.16,3.44,7.32
2025-06-28,Google,NY,Non-Branded Search,828098,36082,5697.32,20006.74,4.36,0.16,3.51,6.88
2025-06-28,TikTok,CA,Retargeting,1217237,19829,8596.8,27707.08,1.63,0.43,3.22,7.06
2025-06-28,TikTok,CA,Spark Ads,592673,7504,4098.18,10799.29,1.27,0.55,2.64,6.91
2025-06-29,Facebook,CA,ASC,477687,7092,3876.29,11359.880000000001,1.48,0.55,2.93,8.11
2025-06-29,Facebook,CA,Prospecting,327050,4007,3032.21,7292.51,1.23,0.76,2.41,9.27
2025-06-29,Facebook,NY,ASC,770787,11495,9051.85,25957.18,1.49,0.79,2.87,11.74
2025-06-29,Facebook,NY,Prospecting,513885,6001,3350.9,8389.98,1.17,0.56,2.5,6.52
2025-06-29,Google,CA,Display,127715,483,1025.41,1962.43,0.38,2.12,1.91,8.03
2025-06-29,Google,CA,Non-Branded Search,1027383,45756,6739.5,22256.72,4.45,0.15,3.3,6.56
2025-06-29,Google,NY,Non-Branded Search,737057,34333,5567.849999999999,16823.88,4.66,0.16,3.02,7.55
2025-06-29,TikTok,CA,Retargeting,874076,14081,6382.27,19251.18,1.61,0.45,3.02,7.3
2025-06-29,TikTok,CA,Spark Ads,493766,6461,3213.48,7682.25,1.31,0.5,2.39,6.51
2025-06-30,Facebook,CA,ASC,549671,8426,6341.780000000001,17435.49,1.53,0.75,2.75,11.54
2025-06-30,Facebook,CA,Prospecting,414531,4824,4783.69,11877.36,1.16,0.99,2.48,11.54
2025-06-30,Facebook,NY,ASC,444805,6477,4132.88,12249.99,1.46,0.64,2.96,9.29
2025-06-30,Facebook,NY,Prospecting,473471,5569,6141.120000000001,13869.48,1.18,1.1,2.26,12.97
2025-06-30,Google,CA,Display,197970,715,1353.38,1944.4,0.36,1.89,1.44,6.84
2025-06-30,Google,CA,Non-Branded Search,1103762,49844,7699.22,24917.870000000003,4.52,0.15,3.24,6.98
2025-06-30,Google,NY,Non-Branded Search,451705,21130,2916.3900000000003,10293.15,4.68,0.14,3.53,6.46
2025-06-30,TikTok,CA,Retargeting,1150343,18266,9308.71,29910.14,1.59,0.51,3.21,8.09
2025-06-30,TikTok,CA,Spark Ads,447817,6156,4281.9400000000005,11182.099999999999,1.37,0.7,2.61,9.56
2025-07-01,Facebook,CA,ASC,416908,6470,4773.42,13646.560000000001,1.55,0.74,2.86,11.45
2025-07-01,Facebook,CA,Prospecting,281847,3526,3429.74,8287.99,1.25,0.97,2.42,12.17
2025-07-01,Facebook,NY,ASC,508520,7745,6021.4,17517.85,1.52,0.78,2.91,11.84
2025-07-01,Facebook,NY,Prospecting,533937,6865,4150.12,10023.05,1.29,0.6,2.42,7.77
2025-07-01,Google,CA,Display,159089,588,544.93,770.53,0.37,0.93,1.41,3.43
2025-07-01,Google,CA,Non-Branded Search,1144614,52456,6920.18,21990.480000000003,4.58,0.13,3.18,6.05
2025-07-01,Google,NY,Non-Branded Search,654057,29594,4532.95,14553.95,4.52,0.15,3.21,6.93
2025-07-01,TikTok,CA,Retargeting,977565,15636,7499.28,22452.079999999998,1.6,0.48,2.99,7.67
2025-07-01,TikTok,CA,Spark Ads,460559,5935,4226.1900000000005,11123.5,1.29,0.71,2.63,9.18
2025-07-02,Facebook,CA,ASC,573348,8018,4251.34,11376.04,1.4,0.53,2.68,7.41
2025-07-02,Facebook,CA,Prospecting,307247,3545,2858.46,6620.36,1.15,0.81,2.32,9.3
2025-07-02,Facebook,NY,ASC,588722,8750,6022.19,16639.1,1.49,0.69,2.76,10.23
2025-07-02,Facebook,NY,Prospecting,660335,8109,5940.63,15216.14,1.23,0.73,2.56,9.0
2025-07-02,Google,CA,Display,124188,465,534.71,882.93,0.37,1.15,1.65,4.31
2025-07-02,Google,CA,Non-Branded Search,1094926,48519,6589.76,21959.29,4.43,0.14,3.33,6.02
2025-07-02,Google,NY,Non-Branded Search,860666,39128,4997.77,16291.36,4.55,0.13,3.26,5.81
2025-07-02,TikTok,CA,Retargeting,1083009,16508,6611.530000000001,19952.75,1.52,0.4,3.02,6.1
2025-07-02,TikTok,CA,Spark Ads,505591,6575,3888.49,8876.51,1.3,0.59,2.28,7.69
2025-07-03,Facebook,CA,ASC,495930,7118,3761.1800000000003,8980.4,1.44,0.53,2.39,7.58
2025-07-03,Facebook,CA,Prospecting,418241,4764,4796.44,10432.4,1.14,1.01,2.18,11.47
2025-07-03,Facebook,NY,ASC,521168,7847,4155.07,10426.9,1.51,0.53,2.51,7.97
2025-07-03,Facebook,NY,Prospecting,415072,4868,5070.93,12884.539999999999,1.17,1.04,2.54,12.22
2025-07-03,Google,CA,Display,97014,353,845.87,1399.22,0.36,2.4,1.65,8.72
2025-07-03,Google,CA,Non-Branded Search,1244251,57123,7830.860000000001,25009.67,4.59,0.14,3.19,6.29
2025-07-03,Google,NY,Non-Branded Search,530685,24343,4036.3,13437.1,4.59,0.17,3.33,7.61
2025-07-03,TikTok,CA,Retargeting,1014385,16390,9190.23,26645.42,1.62,0.56,2.9,9.06
2025-07-03,TikTok,CA,Spark Ads,718018,9228,4886.43,13069.029999999999,1.29,0.53,2.67,6.81
2025-07-04,Facebook,CA,ASC,499143,7232,4778.450000000001,12747.19,1.45,0.66,2.67,9.57
2025-07-04,Facebook,CA,Prospecting,329895,4067,3677.01,8986.599999999999,1.23,0.9,2.44,11.15
2025-07-04,Facebook,NY,ASC,650180,9767,6093.110000000001,16442.77,1.5,0.62,2.7,9.37
2025-07-04,Facebook,NY,Prospecting,425731,5165,4962.32,11056.46,1.21,0.96,2.23,11.66
2025-07-04,Google,CA,Display,275524,1127,1979.04,3816.94,0.41,1.76,1.93,7.18
2025-07-04,Google,CA,Non-Branded Search,1277519,54402,11604.64,36458.73,4.26,0.21,3.14,9.08
2025-07-04,Google,NY,Non-Branded Search,521091,24120,3904.96,13423.119999999999,4.63,0.16,3.44,7.49
2025-07-04,TikTok,CA,Retargeting,966151,15079,5914.8,17173.97,1.56,0.39,2.9,6.12
2025-07-04,TikTok,CA,Spark Ads,398212,5361,3975.79,9413.57,1.35,0.74,2.37,9.98
2025-07-05,Facebook,CA,ASC,330344,4889,2858.0699999999997,8208.779999999999,1.48,0.58,2.87,8.65
2025-07-05,Facebook,CA,Prospecting,418544,5324,4199.63,10180.34,1.27,0.79,2.42,10.03
2025-07-05,Facebook,NY,ASC,576474,8621,5551.5,15999.35,1.5,0.64,2.88,9.63
2025-07-05,Facebook,NY,Prospecting,595830,7234,7818.73,19572.02,1.21,1.08,2.5,13.12
2025-07-05,Google,CA,Display,287919,1239,1868.92,2517.09,0.43,1.51,1.35,6.49
2025-07-05,Google,CA,Non-Branded Search,1007699,46555,5163.27,16385.45,4.62,0.11,3.17,5.12
2025-07-05,Google,NY,Non-Branded Search,1063833,49636,7756.4,23980.82,4.67,0.16,3.09,7.29
2025-07-05,TikTok,CA,Retargeting,1147278,18317,8277.4,25903.48,1.6,0.45,3.13,7.21
2025-07-05,TikTok,CA,Spark Ads,415484,5369,2870.8500000000004,6787.52,1.29,0.53,2.36,6.91
2025-07-06,Facebook,CA,ASC,580617,8328,6303.1900000000005,18591.06,1.43,0.76,2.95,10.86
2025-07-06,Facebook,CA,Prospecting,527201,6172,6022.73,14133.490000000002,1.17,0.98,2.35,11.42
2025-07-06,Facebook,NY,ASC,553501,8289,5008.02,14087.14,1.5,0.6,2.81,9.05
2025-07-06,Facebook,NY,Prospecting,707353,7826,6352.51,15023.86,1.11,0.81,2.37,8.98
2025-07-06,Google,CA,Display,175043,745,863.12,1474.91,0.43,1.16,1.71,4.93
2025-07-06,Google,CA,Non-Branded Search,1047807,46559,6089.6,18810.1,4.44,0.13,3.09,5.81
2025-07-06,Google,NY,Non-Branded Search,587743,26777,4804.36,14953.22,4.56,0.18,3.11,8.17
2025-07-06,TikTok,CA,Retargeting,1202631,18557,9252.61,26532.61,1.54,0.5,2.87,7.69
2025-07-06,TikTok,CA,Spark Ads,541174,6826,4072.91,9638.52,1.26,0.6,2.37,7.53
2025-07-07,Facebook,CA,ASC,376573,5706,3796.49,10714.94,1.52,0.67,2.82,10.08
2025-07-07,Facebook,CA,Prospecting,396081,4698,4317.78,10968.98,1.19,0.92,2.54,10.9
2025-07-07,Facebook,NY,ASC,570861,8535,4244.82,12065.759999999998,1.5,0.5,2.84,7.44
2025-07-07,Facebook,NY,Prospecting,867843,10210,7936.24,19143.29,1.18,0.78,2.41,9.14
2025-07-07,Google,CA,Display,403081,1741,1376.13,2263.73,0.43,0.79,1.64,3.41
2025-07-07,Google,CA,Non-Branded Search,1731970,79480,11517.74,37081.79,4.59,0.14,3.22,6.65
2025-07-07,Google,NY,Non-Branded Search,1092670,49024,6447.0599999999995,19368.17,4.49,0.13,3.0,5.9
2025-07-07,TikTok,CA,Retargeting,866642,13486,8304.57,26002.059999999998,1.56,0.62,3.13,9.58
2025-07-07,TikTok,CA,Spark Ads,539236,6989,4714.01,11071.23,1.3,0.67,2.35,8.74
2025-07-08,Facebook,CA,ASC,457979,6678,5518.73,15669.98,1.46,0.83,2.84,12.05
2025-07-08,Facebook,CA,Prospecting,416403,5052,3427.75,8348.72,1.21,0.68,2.44,8.23
2025-07-08,Facebook,NY,ASC,367673,5390,3271.86,9252.05,1.47,0.61,2.83,8.9
2025-07-08,Facebook,NY,Prospecting,580978,6675,5698.11,13915.09,1.15,0.85,2.44,9.81
2025-07-08,Google,CA,Display,286864,1047,1247.04,1708.05,0.36,1.19,1.37,4.35
2025-07-08,Google,CA,Non-Branded Search,1263299,55001,7519.66,21913.960000000003,4.35,0.14,2.91,5.95
2025-07-08,Google,NY,Non-Branded Search,694674,30873,5851.01,19395.62,4.44,0.19,3.31,8.42
2025-07-08,TikTok,CA,Retargeting,1239750,20032,10624.64,33481.81,1.62,0.53,3.15,8.57
2025-07-08,TikTok,CA,Spark Ads,442819,5313,4852.82,11439.7,1.2,0.91,2.36,10.96
2025-07-09,Facebook,CA,ASC,483716,7734,4379.43,11721.060000000001,1.6,0.57,2.68,9.05
2025-07-09,Facebook,CA,Prospecting,481090,5991,3820.8900000000003,9129.27,1.25,0.64,2.39,7.94
2025-07-09,Facebook,NY,ASC,582251,8494,7558.289999999999,21672.39,1.46,0.89,2.87,12.98
2025-07-09,Facebook,NY,Prospecting,753334,8919,7737.27,19364.559999999998,1.18,0.87,2.5,10.27
2025-07-09,Google,CA,Display,219544,866,995.77,1625.1,0.39,1.15,1.63,4.54
2025-07-09,Google,CA,Non-Branded Search,1462889,68345,9394.65,28628.22,4.67,0.14,3.05,6.42
2025-07-09,Google,NY,Non-Branded Search,1032965,45480,8638.11,27599.07,4.4,0.19,3.2,8.36
2025-07-09,TikTok,CA,Retargeting,981819,15905,8824.68,27019.5,1.62,0.55,3.06,8.99
2025-07-09,TikTok,CA,Spark Ads,581345,7552,4171.89,10333.04,1.3,0.55,2.48,7.18
2025-07-10,Facebook,CA,ASC,507648,7062,5852.08,16854.02,1.39,0.83,2.88,11.53
2025-07-10,Facebook,CA,Prospecting,415010,4895,4360.9400000000005,10555.71,1.18,0.89,2.42,10.51
2025-07-10,Facebook,NY,ASC,845160,12883,6864.55,20256.55,1.52,0.53,2.95,8.12
2025-07-10,Facebook,NY,Prospecting,565431,6283,5081.69,12586.95,1.11,0.81,2.48,8.99
2025-07-10,Google,CA,Display,167784,662,1259.9,1852.12,0.39,1.9,1.47,7.51
2025-07-10,Google,CA,Non-Branded Search,1208648,55264,7578.23,26232.83,4.57,0.14,3.46,6.27
2025-07-10,Google,NY,Non-Branded Search,579652,25260,3736.9799999999996,11959.380000000001,4.36,0.15,3.2,6.45
2025-07-10,TikTok,CA,Retargeting,992429,15152,8137.71,25206.06,1.53,0.54,3.1,8.2
2025-07-10,TikTok,CA,Spark Ads,439510,5678,3311.27,7770.78,1.29,0.58,2.35,7.53
2025-07-11,Facebook,CA,ASC,387221,6034,4700.58,13457.99,1.56,0.78,2.86,12.14
2025-07-11,Facebook,CA,Prospecting,335934,4133,2348.99,5488.52,1.23,0.57,2.34,6.99
2025-07-11,Facebook,NY,ASC,752421,11363,8971.71,24198.1,1.51,0.79,2.7,11.92
2025-07-11,Facebook,NY,Prospecting,474968,5828,5861.21,13600.31,1.23,1.01,2.32,12.34
2025-07-11,Google,CA,Display,169280,672,955.75,1526.25,0.4,1.42,1.6,5.65
2025-07-11,Google,CA,Non-Branded Search,1389977,59360,7669.88,24433.33,4.27,0.13,3.19,5.52
2025-07-11,Google,NY,Non-Branded Search,570178,26932,4194.52,14532.869999999999,4.72,0.16,3.46,7.36
2025-07-11,TikTok,CA,Retargeting,870217,13591,6895.52,20405.73,1.56,0.51,2.96,7.92
2025-07-11,TikTok,CA,Spark Ads,518126,7060,4565.0,10850.43,1.36,0.65,2.38,8.81
2025-07-12,Facebook,CA,ASC,422805,5850,4693.16,12144.060000000001,1.38,0.8,2.59,11.1
2025-07-12,Facebook,CA,Prospecting,355215,4358,2836.36,6603.23,1.23,0.65,2.33,7.98
2025-07-12,Facebook,NY,ASC,598121,8450,5631.63,16193.49,1.41,0.67,2.88,9.42
2025-07-12,Facebook,NY,Prospecting,633377,7425,6178.84,15256.31,1.17,0.83,2.47,9.76
2025-07-12,Google,CA,Display,162408,707,1420.71,2143.92,0.44,2.01,1.51,8.75
2025-07-12,Google,CA,Non-Branded Search,1031717,47984,7093.67,22378.67,4.65,0.15,3.15,6.88
2025-07-12,Google,NY,Non-Branded Search,679824,31070,3129.42,8993.44,4.57,0.1,2.87,4.6
2025-07-12,TikTok,CA,Retargeting,1053070,17451,9045.78,24567.79,1.66,0.52,2.72,8.59
2025-07-12,TikTok,CA,Spark Ads,587201,7474,5338.65,11575.55,1.27,0.71,2.17,9.09
2025-07-13,Facebook,CA,ASC,398575,6482,3275.4700000000003,8969.69,1.63,0.51,2.74,8.22
2025-07-13,Facebook,CA,Prospecting,279724,3224,3605.1400000000003,8322.35,1.15,1.12,2.31,12.89
2025-07-13,Facebook,NY,ASC,617048,8993,6977.24,19698.06,1.46,0.78,2.82,11.31
2025-07-13,Facebook,NY,Prospecting,738948,8501,5674.67,13500.980000000001,1.15,0.67,2.38,7.68
2025-07-13,Google,CA,Display,114925,455,837.63,1202.37,0.4,1.84,1.44,7.29
2025-07-13,Google,CA,Non-Branded Search,1304708,59849,8757.96,28560.39,4.59,0.15,3.26,6.71
2025-07-13,Google,NY,Non-Branded Search,455236,19918,2816.91,8737.08,4.38,0.14,3.1,6.19
2025-07-13,TikTok,CA,Retargeting,1120644,17446,9169.03,27265.71,1.56,0.53,2.97,8.18
2025-07-13,TikTok,CA,Spark Ads,410061,5149,3558.24,8483.28,1.26,0.69,2.38,8.68
2025-07-14,Facebook,CA,ASC,299411,4269,3443.65,9762.01,1.43,0.81,2.83,11.5
2025-07-14,Facebook,CA,Prospecting,231088,2653,2739.49,6639.52,1.15,1.03,2.42,11.85
2025-07-14,Facebook,NY,ASC,436864,6734,5121.74,14875.91,1.54,0.76,2.9,11.72
2025-07-14,Facebook,NY,Prospecting,578272,6671,5710.780000000001,14293.31,1.15,0.86,2.5,9.88
2025-07-14,Google,CA,Display,78015,332,544.33,976.97,0.43,1.64,1.79,6.98
2025-07-14,Google,CA,Non-Branded Search,1347066,61277,10009.76,30064.93,4.55,0.16,3.0,7.43
2025-07-14,Google,NY,Non-Branded Search,625781,30788,5450.049999999999,17582.48,4.92,0.18,3.23,8.71
2025-07-14,TikTok,CA,Retargeting,1283048,20949,11460.59,35103.45,1.63,0.55,3.06,8.93
2025-07-14,TikTok,CA,Spark Ads,388647,5096,2326.17,5287.8,1.31,0.46,2.27,5.99
2025-07-15,Facebook,CA,ASC,437414,6814,4468.58,11411.17,1.56,0.66,2.55,10.22
2025-07-15,Facebook,CA,Prospecting,265168,3356,2515.19,5581.27,1.27,0.75,2.22,9.49
2025-07-15,Facebook,NY,ASC,575320,8506,6346.18,17327.98,1.48,0.75,2.73,11.03
2025-07-15,Facebook,NY,Prospecting,446822,5430,5075.99,13571.5,1.22,0.93,2.67,11.36
2025-07-15,Google,CA,Display,124389,462,968.77,1571.05,0.37,2.1,1.62,7.79
2025-07-15,Google,CA,Non-Branded Search,1256550,57173,9345.23,27426.51,4.55,0.16,2.93,7.44
2025-07-15,Google,NY,Non-Branded Search,517348,24715,2973.13,9036.2,4.78,0.12,3.04,5.75
2025-07-15,TikTok,CA,Retargeting,700436,10910,6550.18,19165.23,1.56,0.6,2.93,9.35
2025-07-15,TikTok,CA,Spark Ads,464053,6307,3783.38,8951.369999999999,1.36,0.6,2.37,8.15
2025-07-16,Facebook,CA,ASC,365117,5270,5101.01,12688.130000000001,1.44,0.97,2.49,13.97
2025-07-16,Facebook,CA,Prospecting,288629,3423,3168.19,7701.71,1.19,0.93,2.43,10.98
2025-07-16,Facebook,NY,ASC,522660,7736,5472.38,16640.93,1.48,0.71,3.04,10.47
2025-07-16,Facebook,NY,Prospecting,569371,6652,6373.629999999999,16079.98,1.17,0.96,2.52,11.19
2025-07-16,Google,CA,Display,127836,467,789.54,1312.89,0.37,1.69,1.66,6.18
2025-07-16,Google,CA,Non-Branded Search,1095432,49413,7834.07,25002.1,4.51,0.16,3.19,7.15
2025-07-16,Google,NY,Non-Branded Search,708386,33293,4792.210000000001,16527.18,4.7,0.14,3.45,6.76
2025-07-16,TikTok,CA,Retargeting,1055375,17093,8772.49,27050.12,1.62,0.51,3.08,8.31
2025-07-16,TikTok,CA,Spark Ads,430551,5398,3510.83,8797.16,1.25,0.65,2.51,8.15
2025-07-17,Facebook,CA,ASC,394885,5707,3280.85,9207.61,1.45,0.57,2.81,8.31
2025-07-17,Facebook,CA,Prospecting,342870,4216,2917.5299999999997,6977.23,1.23,0.69,2.39,8.51
2025-07-17,Facebook,NY,ASC,578623,9028,4572.9,13153.57,1.56,0.51,2.88,7.9
2025-07-17,Facebook,NY,Prospecting,362425,4240,3359.81,8297.8,1.17,0.79,2.47,9.27
2025-07-17,Google,CA,Display,130921,507,534.8,768.19,0.39,1.05,1.44,4.08
2025-07-17,Google,CA,Non-Branded Search,1393111,61606,7927.349999999999,25604.68,4.42,0.13,3.23,5.69
2025-07-17,Google,NY,Non-Branded Search,663554,28977,3124.7,10199.26,4.37,0.11,3.26,4.71
2025-07-17,TikTok,CA,Retargeting,1089073,16357,8581.44,27667.16,1.5,0.52,3.22,7.88
2025-07-17,TikTok,CA,Spark Ads,465865,6037,3435.08,7929.0,1.3,0.57,2.31,7.37
2025-07-18,Facebook,CA,ASC,368446,5656,3889.1899999999996,12391.1,1.54,0.69,3.19,10.56
2025-07-18,Facebook,CA,Prospecting,195424,2297,1674.8200000000002,4201.610000000001,1.18,0.73,2.51,8.57
2025-07-18,Facebook,NY,ASC,539574,8488,5871.9400000000005,15824.75,1.57,0.69,2.69,10.88
2025-07-18,Facebook,NY,Prospecting,431126,5271,4553.6,11399.21,1.22,0.86,2.5,10.56
2025-07-18,Google,CA,Display,191174,780,894.11,1284.25,0.41,1.15,1.44,4.68
2025-07-18,Google,CA,Non-Branded Search,990494,44487,7158.97,22230.15,4.49,0.16,3.11,7.23
2025-07-18,Google,NY,Non-Branded Search,500796,22217,3253.19,9330.35,4.44,0.15,2.87,6.5
2025-07-18,TikTok,CA,Retargeting,992305,15832,7506.23,23116.92,1.6,0.47,3.08,7.56
2025-07-18,TikTok,CA,Spark Ads,443702,5791,4475.54,10643.68,1.31,0.77,2.38,10.09
2025-07-19,Facebook,CA,ASC,393459,6279,4107.2,11022.2,1.6,0.65,2.68,10.44
2025-07-19,Facebook,CA,Prospecting,404793,4809,3100.5,7925.620000000001,1.19,0.64,2.56,7.66
2025-07-19,Facebook,NY,ASC,377396,5923,3629.5,10417.19,1.57,0.61,2.87,9.62
2025-07-19,Facebook,NY,Prospecting,632416,7329,4135.43,9228.85,1.16,0.56,2.23,6.54
2025-07-19,Google,CA,Display,81943,318,749.29,1142.06,0.39,2.36,1.52,9.14
2025-07-19,Google,CA,Non-Branded Search,905107,41151,5045.39,16034.07,4.55,0.12,3.18,5.57
2025-07-19,Google,NY,Non-Branded Search,475479,21668,4349.05,14663.48,4.56,0.2,3.37,9.15
2025-07-19,TikTok,CA,Retargeting,921244,14005,6011.02,17893.54,1.52,0.43,2.98,6.52
2025-07-19,TikTok,CA,Spark Ads,521099,6517,3285.39,8024.79,1.25,0.5,2.44,6.3
2025-07-20,Facebook,CA,ASC,327807,4971,2762.0099999999998,7079.929999999999,1.52,0.56,2.56,8.43
2025-07-20,Facebook,CA,Prospecting,333726,3856,2759.46,7186.530000000001,1.16,0.72,2.6,8.27
2025-07-20,Facebook,NY,ASC,496580,7897,3119.9000000000005,9403.32,1.59,0.4,3.01,6.28
2025-07-20,Facebook,NY,Prospecting,432795,5091,3599.38,9053.55,1.18,0.71,2.52,8.32
2025-07-20,Google,CA,Display,111007,409,1141.53,2003.65,0.37,2.79,1.76,10.28
2025-07-20,Google,CA,Non-Branded Search,1045433,47950,5912.46,19239.29,4.59,0.12,3.25,5.66
2025-07-20,Google,NY,Non-Branded Search,798367,35301,6620.4,22824.78,4.42,0.19,3.45,8.29
2025-07-20,TikTok,CA,Retargeting,779619,11847,6621.639999999999,20757.309999999998,1.52,0.56,3.13,8.49
2025-07-20,TikTok,CA,Spark Ads,400373,5073,4067.7700000000004,10721.55,1.27,0.8,2.64,10.16
2025-07-21,Facebook,CA,ASC,504393,7658,5446.83,15760.470000000001,1.52,0.71,2.89,10.8
2025-07-21,Facebook,CA,Prospecting,300462,3949,2706.3,6516.49,1.31,0.69,2.41,9.01
2025-07-21,Facebook,NY,ASC,486791,7191,5077.29,14031.900000000001,1.48,0.71,2.76,10.43
2025-07-21,Facebook,NY,Prospecting,457535,5765,5164.71,12266.95,1.26,0.9,2.38,11.29
2025-07-21,Google,CA,Display,121481,466,765.37,1296.44,0.38,1.64,1.69,6.3
2025-07-21,Google,CA,Non-Branded Search,1150081,53141,5096.88,16702.22,4.62,0.1,3.28,4.43
2025-07-21,Google,NY,Non-Branded Search,683857,30826,5864.78,16635.04,4.51,0.19,2.84,8.58
2025-07-21,TikTok,CA,Retargeting,980932,15989,8129.01,24237.71,1.63,0.51,2.98,8.29
2025-07-21,TikTok,CA,Spark Ads,532231,6719,4971.1900000000005,11946.2,1.26,0.74,2.4,9.34
2025-07-22,Facebook,CA,ASC,368058,5822,3108.12,9483.73,1.58,0.53,3.05,8.44
2025-07-22,Facebook,CA,Prospecting,460987,5323,4445.29,10129.61,1.15,0.84,2.28,9.64
2025-07-22,Facebook,NY,ASC,436742,6304,4221.26,12051.470000000001,1.44,0.67,2.85,9.67
2025-07-22,Facebook,NY,Prospecting,604435,7406,5023.42,12499.829999999998,1.23,0.68,2.49,8.31
2025-07-22,Google,CA,Display,156275,665,1151.62,2038.24,0.43,1.73,1.77,7.37
2025-07-22,Google,CA,Non-Branded Search,981578,44622,7004.48,21315.79,4.55,0.16,3.04,7.14
2025-07-22,Google,NY,Non-Branded Search,491094,22121,4087.35,12515.98,4.5,0.18,3.06,8.32
2025-07-22,TikTok,CA,Retargeting,750778,11765,5681.139999999999,18284.81,1.57,0.48,3.22,7.57
2025-07-22,TikTok,CA,Spark Ads,349838,4497,3096.11,7474.4400000000005,1.29,0.69,2.41,8.85
2025-07-23,Facebook,CA,ASC,407221,6126,4486.200000000001,11712.08,1.5,0.73,2.61,11.02
2025-07-23,Facebook,CA,Prospecting,539329,6642,5847.82,13718.61,1.23,0.88,2.35,10.84
2025-07-23,Facebook,NY,ASC,415376,6460,4171.34,11769.849999999999,1.56,0.65,2.82,10.04
2025-07-23,Facebook,NY,Prospecting,546663,6695,6126.46,13929.330000000002,1.22,0.92,2.27,11.21
2025-07-23,Google,CA,Display,141371,561,832.22,1460.51,0.4,1.48,1.75,5.89
2025-07-23,Google,CA,Non-Branded Search,1187214,52511,10277.65,34328.9,4.42,0.2,3.34,8.66
2025-07-23,Google,NY,Non-Branded Search,535497,23114,3020.74,9808.52,4.32,0.13,3.25,5.64
2025-07-23,TikTok,CA,Retargeting,1091813,18235,9677.73,29204.86,1.67,0.53,3.02,8.86
2025-07-23,TikTok,CA,Spark Ads,609204,7795,4520.12,10132.970000000001,1.28,0.58,2.24,7.42
2025-07-24,Facebook,CA,ASC,224552,3261,2364.68,7590.41,1.45,0.73,3.21,10.53
2025-07-24,Facebook,CA,Prospecting,253213,3066,2066.88,4365.99,1.21,0.67,2.11,8.16
2025-07-24,Facebook,NY,ASC,544135,8242,4985.23,13602.779999999999,1.51,0.6,2.73,9.16
2025-07-24,Facebook,NY,Prospecting,486452,5841,4633.93,10867.050000000001,1.2,0.79,2.35,9.53
2025-07-24,Google,CA,Display,108995,403,782.11,1342.43,0.37,1.94,1.72,7.18
2025-07-24,Google,CA,Non-Branded Search,1078799,50446,7055.75,22526.26,4.68,0.14,3.19,6.54
2025-07-24,Google,NY,Non-Branded Search,557148,24802,2508.17,7760.91,4.45,0.1,3.09,4.5
2025-07-24,TikTok,CA,Retargeting,793955,12989,6296.71,18067.28,1.64,0.48,2.87,7.93
2025-07-24,TikTok,CA,Spark Ads,432733,5752,3175.8199999999997,7857.449999999999,1.33,0.55,2.47,7.34
2025-07-25,Facebook,CA,ASC,322974,4653,4408.39,11791.98,1.44,0.95,2.67,13.65
2025-07-25,Facebook,CA,Prospecting,357103,4537,2610.59,7028.55,1.27,0.58,2.69,7.31
2025-07-25,Facebook,NY,ASC,511236,7761,5073.71,15389.28,1.52,0.65,3.03,9.92
2025-07-25,Facebook,NY,Prospecting,470123,5853,5594.5,13175.27,1.24,0.96,2.36,11.9
2025-07-25,Google,CA,Display,160726,615,1466.89,2280.78,0.38,2.39,1.55,9.13
2025-07-25,Google,CA,Non-Branded Search,1003392,43466,5124.83,16766.84,4.33,0.12,3.27,5.11
2025-07-25,Google,NY,Non-Branded Search,320622,15035,2452.21,7452.43,4.69,0.16,3.04,7.65
2025-07-25,TikTok,CA,Retargeting,1222773,19778,12183.71,37609.38,1.62,0.62,3.09,9.96
2025-07-25,TikTok,CA,Spark Ads,374508,5186,2458.07,6135.12,1.38,0.47,2.5,6.56
2025-07-26,Facebook,CA,ASC,377227,5495,4214.360000000001,12854.949999999999,1.46,0.77,3.05,11.17
2025-07-26,Facebook,CA,Prospecting,188657,2253,1754.54,4594.03,1.19,0.78,2.62,9.3
2025-07-26,Facebook,NY,ASC,452650,6807,4808.98,12501.71,1.5,0.71,2.6,10.62
2025-07-26,Facebook,NY,Prospecting,523518,6249,6071.610000000001,13245.72,1.19,0.97,2.18,11.6
2025-07-26,Google,CA,Display,144991,565,745.99,1283.96,0.39,1.32,1.72,5.15
2025-07-26,Google,CA,Non-Branded Search,987200,43345,5790.48,18496.850000000002,4.39,0.13,3.19,5.87
2025-07-26,Google,NY,Non-Branded Search,1030770,44793,7281.64,23832.23,4.35,0.16,3.27,7.06
2025-07-26,TikTok,CA,Retargeting,1089975,17364,8762.29,27136.469999999998,1.59,0.5,3.1,8.04
2025-07-26,TikTok,CA,Spark Ads,465673,5823,3038.49,6775.889999999999,1.25,0.52,2.23,6.52
2025-07-27,Facebook,CA,ASC,354032,5741,2761.12,8148.92,1.62,0.48,2.95,7.8
2025-07-27,Facebook,CA,Prospecting,304635,3578,2990.59,7144.98,1.17,0.84,2.39,9.82
2025-07-27,Facebook,NY,ASC,521479,7607,5305.74,14443.58,1.46,0.7,2.72,10.17
2025-07-27,Facebook,NY,Prospecting,385947,4903,4062.36,9046.16,1.27,0.83,2.23,10.53
2025-07-27,Google,CA,Display,246528,1025,1256.68,2027.33,0.42,1.23,1.61,5.1
2025-07-27,Google,CA,Non-Branded Search,1054355,48830,7736.46,24484.47,4.63,0.16,3.16,7.34
2025-07-27,Google,NY,Non-Branded Search,903283,42751,5810.4,18079.58,4.73,0.14,3.11,6.43
2025-07-27,TikTok,CA,Retargeting,912653,14633,8242.54,25467.010000000002,1.6,0.56,3.09,9.03
2025-07-27,TikTok,CA,Spark Ads,654146,8225,5814.24,13987.66,1.26,0.71,2.41,8.89
2025-07-28,Facebook,CA,ASC,386724,5547,2385.9700000000003,7191.43,1.43,0.43,3.01,6.17
2025-07-28,Facebook,CA,Prospecting,330755,4038,3022.26,8051.99,1.22,0.75,2.66,9.14
2025-07-28,Facebook,NY,ASC,460803,7237,5550.16,16037.15,1.57,0.77,2.89,12.04
2025-07-28,Facebook,NY,Prospecting,338644,4183,3460.8599999999997,8621.19,1.24,0.83,2.49,10.22
2025-07-28,Google,CA,Display,120345,520,392.65,684.19,0.43,0.76,1.74,3.26
2025-07-28,Google,CA,Non-Branded Search,1176766,52709,6004.57,20408.95,4.48,0.11,3.4,5.1
2025-07-28,Google,NY,Non-Branded Search,629217,27741,3937.31,12795.12,4.41,0.14,3.25,6.26
2025-07-28,TikTok,CA,Retargeting,1156070,18787,9920.8,31086.030000000002,1.63,0.53,3.13,8.58
2025-07-28,TikTok,CA,Spark Ads,351172,4303,2955.72,6886.99,1.23,0.69,2.33,8.42
2025-07-29,Facebook,CA,ASC,434543,6161,4175.67,11854.86,1.42,0.68,2.84,9.61
2025-07-29,Facebook,CA,Prospecting,337930,3682,3964.77,9690.05,1.09,1.08,2.44,11.73
2025-07-29,Facebook,NY,ASC,500794,7715,5486.9400000000005,14172.81,1.54,0.71,2.58,10.96
2025-07-29,Facebook,NY,Prospecting,384336,4800,4077.12,10096.15,1.25,0.85,2.48,10.61
2025-07-29,Google,CA,Display,267226,1110,1505.78,2593.66,0.42,1.36,1.72,5.63
2025-07-29,Google,CA,Non-Branded Search,1464192,63498,6978.1900000000005,21239.73,4.34,0.11,3.04,4.77
2025-07-29,Google,NY,Non-Branded Search,821478,36269,5292.25,17620.64,4.42,0.15,3.33,6.44
2025-07-29,TikTok,CA,Retargeting,933769,15222,8837.33,26337.44,1.63,0.58,2.98,9.46
2025-07-29,TikTok,CA,Spark Ads,428393,5206,3930.4300000000003,9952.369999999999,1.22,0.75,2.53,9.17
2025-07-30,Facebook,CA,ASC,596854,9538,5591.29,16231.529999999999,1.6,0.59,2.9,9.37
2025-07-30,Facebook,CA,Prospecting,278529,3369,2589.94,5645.7,1.21,0.77,2.18,9.3
2025-07-30,Facebook,NY,ASC,733294,11463,8448.25,23284.82,1.56,0.74,2.76,11.52
2025-07-30,Facebook,NY,Prospecting,295241,3443,3402.17,8393.38,1.17,0.99,2.47,11.52
2025-07-30,Google,CA,Display,440579,1676,3471.27,4965.05,0.38,2.07,1.43,7.88
2025-07-30,Google,CA,Non-Branded Search,1573014,69825,8655.92,28326.83,4.44,0.12,3.27,5.5
2025-07-30,Google,NY,Non-Branded Search,773834,32002,4106.04,13331.820000000002,4.14,0.13,3.25,5.31
2025-07-30,TikTok,CA,Retargeting,1104730,17956,9544.619999999999,30062.010000000002,1.63,0.53,3.15,8.64
2025-07-30,TikTok,CA,Spark Ads,493387,6090,4771.0,10501.27,1.23,0.78,2.2,9.67
2025-07-31,Facebook,CA,ASC,400864,6249,3540.57,9594.14,1.56,0.57,2.71,8.83
2025-07-31,Facebook,CA,Prospecting,204975,2419,1944.9,4532.57,1.18,0.8,2.33,9.49
2025-07-31,Facebook,NY,ASC,520215,7219,5349.43,14960.07,1.39,0.74,2.8,10.28
2025-07-31,Facebook,NY,Prospecting,516726,6288,5183.91,13008.300000000001,1.22,0.82,2.51,10.03
2025-07-31,Google,CA,Display,119583,446,794.77,1269.48,0.37,1.78,1.6,6.65
2025-07-31,Google,CA,Non-Branded Search,1220702,55110,7918.34,24806.6,4.51,0.14,3.13,6.49
2025-07-31,Google,NY,Non-Branded Search,616804,28194,3981.95,13116.84,4.57,0.14,3.29,6.46
2025-07-31,TikTok,CA,Retargeting,1098763,16497,9237.23,28444.16,1.5,0.56,3.08,8.41
2025-07-31,TikTok,CA,Spark Ads,614588,8585,5431.42,13431.84,1.4,0.63,2.47,8.84
2025-08-01,Facebook,CA,ASC,421963,6159,4325.19,13377.060000000001,1.46,0.7,3.09,10.25
2025-08-01,Facebook,CA,Prospecting,441899,5270,4405.25,9912.06,1.19,0.84,2.25,9.97
2025-08-01,Facebook,NY,ASC,556845,8634,5327.95,13891.55,1.55,0.62,2.61,9.57
2025-08-01,Facebook,NY,Prospecting,499645,6222,3786.24,8947.28,1.25,0.61,2.36,7.58
2025-08-01,Google,CA,Display,156687,651,1076.71,1736.32,0.42,1.65,1.61,6.87
2025-08-01,Google,CA,Non-Branded Search,1335778,61832,8071.49,27432.06,4.63,0.13,3.4,6.04
2025-08-01,Google,NY,Non-Branded Search,1021750,44247,5855.24,20022.739999999998,4.33,0.13,3.42,5.73
2025-08-01,TikTok,CA,Retargeting,971235,15353,8051.95,23251.86,1.58,0.52,2.89,8.29
2025-08-01,TikTok,CA,Spark Ads,422165,5179,3298.2,8158.46,1.23,0.64,2.47,7.81
2025-08-02,Facebook,CA,ASC,519336,7674,4221.27,12072.51,1.48,0.55,2.86,8.13
2025-08-02,Facebook,CA,Prospecting,411572,4565,3950.9300000000003,9281.869999999999,1.11,0.87,2.35,9.6
2025-08-02,Facebook,NY,ASC,693104,10424,7375.42,23104.48,1.5,0.71,3.13,10.64
2025-08-02,Facebook,NY,Prospecting,459438,5669,4310.46,9953.02,1.23,0.76,2.31,9.38
2025-08-02,Google,CA,Display,282227,1054,2787.65,4000.51,0.37,2.64,1.44,9.88
2025-08-02,Google,CA,Non-Branded Search,1016824,45886,6915.6900000000005,23080.32,4.51,0.15,3.34,6.8
2025-08-02,Google,NY,Non-Branded Search,549279,26391,3740.05,11512.45,4.8,0.14,3.08,6.81
2025-08-02,TikTok,CA,Retargeting,1191265,18230,10292.82,30809.57,1.53,0.56,2.99,8.64
2025-08-02,TikTok,CA,Spark Ads,373135,4675,3795.3599999999997,8695.0,1.25,0.81,2.29,10.17
2025-08-03,Facebook,CA,ASC,538968,8055,4178.09,12408.89,1.49,0.52,2.97,7.75
2025-08-03,Facebook,CA,Prospecting,349373,4271,3297.34,7966.0,1.22,0.77,2.42,9.44
2025-08-03,Facebook,NY,ASC,549702,8388,5866.9400000000005,17925.86,1.53,0.7,3.06,10.67
2025-08-03,Facebook,NY,Prospecting,649405,7842,6219.93,15082.740000000002,1.21,0.79,2.42,9.58
2025-08-03,Google,CA,Display,258228,940,1665.45,2416.44,0.36,1.77,1.45,6.45
2025-08-03,Google,CA,Non-Branded Search,1322527,62315,8999.25,28682.949999999997,4.71,0.14,3.19,6.8
2025-08-03,Google,NY,Non-Branded Search,800667,36547,6227.81,18477.41,4.56,0.17,2.97,7.78
2025-08-03,TikTok,CA,Retargeting,1247767,20063,9939.529999999999,28917.85,1.61,0.5,2.91,7.97
2025-08-03,TikTok,CA,Spark Ads,452415,6252,2819.0299999999997,6314.55,1.38,0.45,2.24,6.23
2025-08-04,Facebook,CA,ASC,435340,6487,3989.41,10867.74,1.49,0.61,2.72,9.16
2025-08-04,Facebook,CA,Prospecting,250924,3134,2853.67,6225.82,1.25,0.91,2.18,11.37
2025-08-04,Facebook,NY,ASC,539165,8021,6403.4400000000005,18726.05,1.49,0.8,2.92,11.88
2025-08-04,Facebook,NY,Prospecting,774144,8687,8648.99,21810.55,1.12,1.0,2.52,11.17
2025-08-04,Google,CA,Display,199347,788,1051.38,1445.98,0.4,1.33,1.38,5.27
2025-08-04,Google,CA,Non-Branded Search,963271,43120,5580.08,16238.4,4.48,0.13,2.91,5.79
2025-08-04,Google,NY,Non-Branded Search,841578,39049,6246.87,20522.35,4.64,0.16,3.29,7.42
2025-08-04,TikTok,CA,Retargeting,1034387,16765,9676.98,29070.2,1.62,0.58,3.0,9.36
2025-08-04,TikTok,CA,Spark Ads,426758,5277,2728.0299999999997,6241.379999999999,1.24,0.52,2.29,6.39
2025-08-05,Facebook,CA,ASC,374665,5950,4238.219999999999,11223.42,1.59,0.71,2.65,11.31
2025-08-05,Facebook,CA,Prospecting,534617,6080,4019.12,9116.51,1.14,0.66,2.27,7.52
2025-08-05,Facebook,NY,ASC,562490,8531,5546.63,15356.02,1.52,0.65,2.77,9.86
2025-08-05,Facebook,NY,Prospecting,648401,7714,6138.16,15503.880000000001,1.19,0.8,2.53,9.47
2025-08-05,Google,CA,Display,155021,609,1461.76,1917.43,0.39,2.4,1.31,9.43
2025-08-05,Google,CA,Non-Branded Search,1448260,61392,7343.15,25047.379999999997,4.24,0.12,3.41,5.07
2025-08-05,Google,NY,Non-Branded Search,572265,26131,3750.6400000000003,11670.539999999999,4.57,0.14,3.11,6.55
2025-08-05,TikTok,CA,Retargeting,1152528,18749,10967.22,32755.18,1.63,0.58,2.99,9.52
2025-08-05,TikTok,CA,Spark Ads,617926,7595,3821.2400000000002,9242.66,1.23,0.5,2.42,6.18
2025-08-06,Facebook,CA,ASC,410529,6028,4941.549999999999,14953.619999999999,1.47,0.82,3.03,12.04
2025-08-06,Facebook,CA,Prospecting,391611,4613,3031.08,7257.98,1.18,0.66,2.39,7.74
2025-08-06,Facebook,NY,ASC,399457,5966,3825.6400000000003,10311.49,1.49,0.64,2.7,9.58
2025-08-06,Facebook,NY,Prospecting,383479,4675,4758.799999999999,12137.259999999998,1.22,1.02,2.55,12.41
2025-08-06,Google,CA,Display,137373,521,1105.55,1578.06,0.38,2.12,1.43,8.05
2025-08-06,Google,CA,Non-Branded Search,1249750,57066,8663.24,28035.3,4.57,0.15,3.24,6.93
2025-08-06,Google,NY,Non-Branded Search,968911,44423,5558.37,17429.8,4.58,0.13,3.14,5.74
2025-08-06,TikTok,CA,Retargeting,1067347,16674,8455.78,23827.87,1.56,0.51,2.82,7.92
2025-08-06,TikTok,CA,Spark Ads,498457,6628,2703.7,6452.68,1.33,0.41,2.39,5.42
2025-08-07,Facebook,CA,ASC,451701,6499,3958.5699999999997,11299.08,1.44,0.61,2.85,8.76
2025-08-07,Facebook,CA,Prospecting,380006,4755,4258.13,10514.849999999999,1.25,0.9,2.47,11.21
2025-08-07,Facebook,NY,ASC,551034,8581,5034.18,14187.619999999999,1.56,0.59,2.82,9.14
2025-08-07,Facebook,NY,Prospecting,596630,7130,5847.37,13564.28,1.2,0.82,2.32,9.8
2025-08-07,Google,CA,Display,192928,785,864.41,1201.41,0.41,1.1,1.39,4.48
2025-08-07,Google,CA,Non-Branded Search,1583687,70395,9614.17,31307.1,4.45,0.14,3.26,6.07
2025-08-07,Google,NY,Non-Branded Search,785063,37668,4615.59,13210.51,4.8,0.12,2.86,5.88
2025-08-07,TikTok,CA,Retargeting,1216983,19433,9123.93,28980.739999999998,1.6,0.47,3.18,7.5
2025-08-07,TikTok,CA,Spark Ads,322255,4282,2697.09,6610.42,1.33,0.63,2.45,8.37
2025-08-08,Facebook,CA,ASC,382574,5999,3658.4300000000003,10648.55,1.57,0.61,2.91,9.56
2025-08-08,Facebook,CA,Prospecting,524699,5924,4328.65,10050.08,1.13,0.73,2.32,8.25
2025-08-08,Facebook,NY,ASC,637519,9577,6340.92,17078.780000000002,1.5,0.66,2.69,9.95
2025-08-08,Facebook,NY,Prospecting,417136,5231,2790.41,6649.99,1.25,0.53,2.38,6.69
2025-08-08,Google,CA,Display,220132,846,1763.02,2980.48,0.38,2.08,1.69,8.01
2025-08-08,Google,CA,Non-Branded Search,1920328,84279,12256.46,38924.33,4.39,0.15,3.18,6.38
2025-08-08,Google,NY,Non-Branded Search,707834,32712,5057.68,15746.9,4.62,0.15,3.11,7.15
2025-08-08,TikTok,CA,Retargeting,1082219,17686,8181.79,25547.44,1.63,0.46,3.12,7.56
2025-08-08,TikTok,CA,Spark Ads,307534,4234,2803.92,6916.99,1.38,0.66,2.47,9.12
2025-08-09,Facebook,CA,ASC,358497,5585,2899.08,7692.6900000000005,1.56,0.52,2.65,8.09
2025-08-09,Facebook,CA,Prospecting,508229,5867,4932.870000000001,13095.92,1.15,0.84,2.65,9.71
2025-08-09,Facebook,NY,ASC,483543,6999,3677.79,9452.13,1.45,0.53,2.57,7.61
2025-08-09,Facebook,NY,Prospecting,608594,6984,6598.7,15430.82,1.15,0.94,2.34,10.84
2025-08-09,Google,CA,Display,187667,715,970.99,1429.8,0.38,1.36,1.47,5.17
2025-08-09,Google,CA,Non-Branded Search,1706654,79478,8451.65,28011.89,4.66,0.11,3.31,4.95
2025-08-09,Google,NY,Non-Branded Search,750397,34484,4818.99,15035.71,4.6,0.14,3.12,6.42
2025-08-09,TikTok,CA,Retargeting,1498197,23981,13298.47,40482.53,1.6,0.55,3.04,8.88
2025-08-09,TikTok,CA,Spark Ads,383549,5137,2759.28,6922.210000000001,1.34,0.54,2.51,7.19
2025-08-10,Facebook,CA,ASC,457704,7194,3377.2799999999997,10120.09,1.57,0.47,3.0,7.38
2025-08-10,Facebook,CA,Prospecting,473736,5664,3984.73,9197.65,1.2,0.7,2.31,8.41
2025-08-10,Facebook,NY,ASC,664075,10052,6400.6900000000005,18848.45,1.51,0.64,2.94,9.64
2025-08-10,Facebook,NY,Prospecting,549723,6203,4527.34,11486.08,1.13,0.73,2.54,8.24
2025-08-10,Google,CA,Display,263105,1076,2236.41,4108.2,0.41,2.08,1.84,8.5
2025-08-10,Google,CA,Non-Branded Search,1683673,73169,10417.74,33247.05,4.35,0.14,3.19,6.19
2025-08-10,Google,NY,Non-Branded Search,699524,30019,4105.1,11944.740000000002,4.29,0.14,2.91,5.87
2025-08-10,TikTok,CA,Retargeting,1007035,15834,9524.36,29210.55,1.57,0.6,3.07,9.46
2025-08-10,TikTok,CA,Spark Ads,506344,6656,2697.24,6258.57,1.31,0.41,2.32,5.33
2025-08-11,Facebook,CA,ASC,509102,7293,4880.19,14209.75,1.43,0.67,2.91,9.59
2025-08-11,Facebook,CA,Prospecting,271591,3050,2827.13,6972.1900000000005,1.12,0.93,2.47,10.41
2025-08-11,Facebook,NY,ASC,650670,9810,6229.860000000001,16471.77,1.51,0.64,2.64,9.57
2025-08-11,Facebook,NY,Prospecting,548775,6422,4981.030000000001,12649.27,1.17,0.78,2.54,9.08
2025-08-11,Google,CA,Display,180871,788,1706.17,2844.59,0.44,2.17,1.67,9.43
2025-08-11,Google,CA,Non-Branded Search,1513875,67988,9761.33,32586.87,4.49,0.14,3.34,6.45
2025-08-11,Google,NY,Non-Branded Search,549001,24148,3433.52,11224.1,4.4,0.14,3.27,6.25
2025-08-11,TikTok,CA,Retargeting,879441,14277,7778.91,23154.46,1.62,0.54,2.98,8.85
2025-08-11,TikTok,CA,Spark Ads,724953,8739,6752.33,15003.61,1.21,0.77,2.22,9.31
2025-08-12,Facebook,CA,ASC,407667,6518,3370.08,9265.64,1.6,0.52,2.75,8.27
2025-08-12,Facebook,CA,Prospecting,211308,2519,1752.8500000000001,3806.05,1.19,0.7,2.17,8.3
2025-08-12,Facebook,NY,ASC,571237,8243,6676.23,17952.7,1.44,0.81,2.69,11.69
2025-08-12,Facebook,NY,Prospecting,498350,5854,4964.32,10877.87,1.17,0.85,2.19,9.96
2025-08-12,Google,CA,Display,230425,895,1695.11,2856.05,0.39,1.89,1.68,7.36
2025-08-12,Google,CA,Non-Branded Search,1383264,65332,7194.209999999999,21106.35,4.72,0.11,2.93,5.2
2025-08-12,Google,NY,Non-Branded Search,676098,29690,4406.3,13900.380000000001,4.39,0.15,3.15,6.52
2025-08-12,TikTok,CA,Retargeting,971406,15675,8243.74,26636.6,1.61,0.53,3.23,8.49
2025-08-12,TikTok,CA,Spark Ads,399191,5082,3011.71,7832.29,1.27,0.59,2.6,7.54
2025-08-13,Facebook,CA,ASC,459114,6926,5510.89,14571.669999999998,1.51,0.8,2.64,12.0
2025-08-13,Facebook,CA,Prospecting,238343,2772,2063.05,4893.6,1.16,0.74,2.37,8.66
2025-08-13,Facebook,NY,ASC,759474,10930,7607.89,19501.129999999997,1.44,0.7,2.56,10.02
2025-08-13,Facebook,NY,Prospecting,339589,4231,3418.92,7712.73,1.25,0.81,2.26,10.07
2025-08-13,Google,CA,Display,110012,411,774.4,1107.51,0.37,1.88,1.43,7.04
2025-08-13,Google,CA,Non-Branded Search,1336727,59189,9659.35,29287.44,4.43,0.16,3.03,7.23
2025-08-13,Google,NY,Non-Branded Search,685802,30543,4185.4400000000005,13551.779999999999,4.45,0.14,3.24,6.1
2025-08-13,TikTok,CA,Retargeting,936964,15412,5743.84,17290.46,1.64,0.37,3.01,6.13
2025-08-13,TikTok,CA,Spark Ads,658549,8700,3991.7,10060.16,1.32,0.46,2.52,6.06
2025-08-14,Facebook,CA,ASC,222922,3556,1895.06,5870.93,1.6,0.53,3.1,8.5
2025-08-14,Facebook,CA,Prospecting,282229,3589,2916.91,7061.54,1.27,0.81,2.42,10.34
2025-08-14,Facebook,NY,ASC,630727,9260,5385.67,14527.99,1.47,0.58,2.7,8.54
2025-08-14,Facebook,NY,Prospecting,646674,7145,5937.65,12864.04,1.1,0.83,2.17,9.18
2025-08-14,Google,CA,Display,248783,970,870.98,1491.52,0.39,0.9,1.71,3.5
2025-08-14,Google,CA,Non-Branded Search,1308570,59499,6613.41,22094.75,4.55,0.11,3.34,5.05
2025-08-14,Google,NY,Non-Branded Search,465043,22655,3053.34,9801.85,4.87,0.13,3.21,6.57
2025-08-14,TikTok,CA,Retargeting,809670,12708,6869.95,19889.190000000002,1.57,0.54,2.9,8.48
2025-08-14,TikTok,CA,Spark Ads,401787,5345,2732.35,6187.67,1.33,0.51,2.26,6.8
2025-08-15,Facebook,CA,ASC,441917,7091,4830.42,13049.439999999999,1.6,0.68,2.7,10.93
2025-08-15,Facebook,CA,Prospecting,303506,3498,3192.14,8256.07,1.15,0.91,2.59,10.52
2025-08-15,Facebook,NY,ASC,427322,6072,3172.83,9880.98,1.42,0.52,3.11,7.42
2025-08-15,Facebook,NY,Prospecting,526100,6231,5144.26,11132.17,1.18,0.83,2.16,9.78
2025-08-15,Google,CA,Display,195167,709,1299.14,1840.13,0.36,1.83,1.42,6.66
2025-08-15,Google,CA,Non-Branded Search,877938,38466,5050.66,15211.26,4.38,0.13,3.01,5.75
2025-08-15,Google,NY,Non-Branded Search,605891,27753,2732.48,8448.07,4.58,0.1,3.09,4.51
2025-08-15,TikTok,CA,Retargeting,1045395,16650,6666.32,18229.59,1.59,0.4,2.73,6.38
2025-08-15,TikTok,CA,Spark Ads,562860,7041,3606.9,8997.86,1.25,0.51,2.49,6.41
2025-08-16,Facebook,CA,ASC,461559,6435,4978.68,11782.61,1.39,0.77,2.37,10.79
2025-08-16,Facebook,CA,Prospecting,333397,3971,3245.45,8563.73,1.19,0.82,2.64,9.73
2025-08-16,Facebook,NY,ASC,488461,7565,5858.89,17652.18,1.55,0.77,3.01,11.99
2025-08-16,Facebook,NY,Prospecting,585834,6742,5057.52,12541.8,1.15,0.75,2.48,8.63
2025-08-16,Google,CA,Display,307023,1283,2292.61,4007.19,0.42,1.79,1.75,7.47
2025-08-16,Google,CA,Non-Branded Search,1413200,62945,8781.02,27223.59,4.45,0.14,3.1,6.21
2025-08-16,Google,NY,Non-Branded Search,685706,31622,5141.17,16814.04,4.61,0.16,3.27,7.5
2025-08-16,TikTok,CA,Retargeting,1243996,19800,10476.84,32810.64,1.59,0.53,3.13,8.42
2025-08-16,TikTok,CA,Spark Ads,336148,4420,2626.95,6881.52,1.31,0.59,2.62,7.81
2025-08-17,Facebook,CA,ASC,468699,6839,3335.3,10202.689999999999,1.46,0.49,3.06,7.12
2025-08-17,Facebook,CA,Prospecting,354067,3969,4497.18,11379.98,1.12,1.13,2.53,12.7
2025-08-17,Facebook,NY,ASC,542177,7979,6222.84,17196.8,1.47,0.78,2.76,11.48
2025-08-17,Facebook,NY,Prospecting,636771,7736,7668.09,17183.43,1.21,0.99,2.24,12.04
2025-08-17,Google,CA,Display,176478,698,872.48,1316.19,0.4,1.25,1.51,4.94
2025-08-17,Google,CA,Non-Branded Search,1282675,60320,9104.89,28932.05,4.7,0.15,3.18,7.1
2025-08-17,Google,NY,Non-Branded Search,783255,35615,6969.06,26474.84,4.55,0.2,3.8,8.9
2025-08-17,TikTok,CA,Retargeting,1061985,17315,7576.7,22935.52,1.63,0.44,3.03,7.13
2025-08-17,TikTok,CA,Spark Ads,423606,5458,2992.75,7282.35,1.29,0.55,2.43,7.06
2025-08-18,Facebook,CA,ASC,254905,4098,2285.78,5901.280000000001,1.61,0.56,2.58,8.97
2025-08-18,Facebook,CA,Prospecting,258839,3080,2928.42,6590.83,1.19,0.95,2.25,11.31
2025-08-18,Facebook,NY,ASC,556589,8398,6065.93,15200.34,1.51,0.72,2.51,10.9
2025-08-18,Facebook,NY,Prospecting,556549,6704,6031.42,13493.24,1.2,0.9,2.24,10.84
2025-08-18,Google,CA,Display,210507,915,638.89,1110.43,0.43,0.7,1.74,3.04
2025-08-18,Google,CA,Non-Branded Search,1119895,49747,5991.04,19430.15,4.44,0.12,3.24,5.35
2025-08-18,Google,NY,Non-Branded Search,597963,26174,3774.21,12676.13,4.38,0.14,3.36,6.31
2025-08-18,TikTok,CA,Retargeting,886226,14145,6706.76,21725.359999999997,1.6,0.47,3.24,7.57
2025-08-18,TikTok,CA,Spark Ads,372524,4787,2380.36,5974.29,1.29,0.5,2.51,6.39
2025-08-19,Facebook,CA,ASC,314363,4465,3181.93,8379.689999999999,1.42,0.71,2.63,10.12
2025-08-19,Facebook,CA,Prospecting,277312,3149,2278.56,5583.59,1.14,0.72,2.45,8.22
2025-08-19,Facebook,NY,ASC,557954,8645,4409.26,11996.96,1.55,0.51,2.72,7.9
2025-08-19,Facebook,NY,Prospecting,374646,4573,4857.76,12905.57,1.22,1.06,2.66,12.97
2025-08-19,Google,CA,Display,199092,857,795.08,1399.47,0.43,0.93,1.76,3.99
2025-08-19,Google,CA,Non-Branded Search,883898,39379,6695.76,23712.92,4.46,0.17,3.54,7.58
2025-08-19,Google,NY,Non-Branded Search,629536,28477,3631.64,13013.16,4.52,0.13,3.58,5.77
2025-08-19,TikTok,CA,Retargeting,994408,15828,8190.4400000000005,25801.83,1.59,0.52,3.15,8.24
2025-08-19,TikTok,CA,Spark Ads,450275,5962,3614.4799999999996,8244.99,1.32,0.61,2.28,8.03
2025-08-20,Facebook,CA,ASC,483837,7315,5009.04,14139.439999999999,1.51,0.68,2.82,10.35
2025-08-20,Facebook,CA,Prospecting,270297,3423,2652.2599999999998,6107.56,1.27,0.77,2.3,9.81
2025-08-20,Facebook,NY,ASC,469945,6900,4522.84,12131.68,1.47,0.66,2.68,9.62
2025-08-20,Facebook,NY,Prospecting,505738,5603,4670.2,11777.32,1.11,0.83,2.52,9.23
2025-08-20,Google,CA,Display,123209,531,1233.24,2071.55,0.43,2.32,1.68,10.01
2025-08-20,Google,CA,Non-Branded Search,1055647,47197,7276.52,24023.57,4.47,0.15,3.3,6.89
2025-08-20,Google,NY,Non-Branded Search,353004,15283,2281.2200000000003,7766.49,4.33,0.15,3.4,6.46
2025-08-20,TikTok,CA,Retargeting,993763,16339,8430.8,25424.14,1.64,0.52,3.02,8.48
2025-08-20,TikTok,CA,Spark Ads,504621,6392,3814.39,9382.869999999999,1.27,0.6,2.46,7.56
2025-08-21,Facebook,CA,ASC,262147,3897,3114.2200000000003,8211.68,1.49,0.8,2.64,11.88
2025-08-21,Facebook,CA,Prospecting,406126,4921,3742.2200000000003,9097.33,1.21,0.76,2.43,9.21
2025-08-21,Facebook,NY,ASC,480639,7229,3833.76,11606.5,1.5,0.53,3.03,7.98
2025-08-21,Facebook,NY,Prospecting,491236,5984,3872.96,9653.02,1.22,0.65,2.49,7.88
2025-08-21,Google,CA,Display,69292,253,412.05,560.35,0.37,1.63,1.36,5.95
2025-08-21,Google,CA,Non-Branded Search,1000898,47352,5919.61,17625.61,4.73,0.13,2.98,5.91
2025-08-21,Google,NY,Non-Branded Search,586111,24126,4169.85,13187.51,4.12,0.17,3.16,7.11
2025-08-21,TikTok,CA,Retargeting,900005,14356,8392.36,25359.35,1.6,0.58,3.02,9.32
2025-08-21,TikTok,CA,Spark Ads,559725,7681,3745.96,9340.3,1.37,0.49,2.49,6.69
2025-08-22,Facebook,CA,ASC,303310,4748,2753.89,7795.85,1.57,0.58,2.83,9.08
2025-08-22,Facebook,CA,Prospecting,210124,2563,2288.81,6171.25,1.22,0.89,2.7,10.89
2025-08-22,Facebook,NY,ASC,479185,7648,5512.6,16710.83,1.6,0.72,3.03,11.5
2025-08-22,Facebook,NY,Prospecting,406583,4957,3250.08,8013.73,1.22,0.66,2.47,7.99
2025-08-22,Google,CA,Display,174263,676,553.56,816.08,0.39,0.82,1.47,3.18
2025-08-22,Google,CA,Non-Branded Search,984858,43365,6191.59,20700.25,4.4,0.14,3.34,6.29
2025-08-22,Google,NY,Non-Branded Search,740765,33979,4442.93,14426.779999999999,4.59,0.13,3.25,6.0
2025-08-22,TikTok,CA,Retargeting,1212703,19624,8977.81,27497.09,1.62,0.46,3.06,7.4
2025-08-22,TikTok,CA,Spark Ads,348387,4640,2450.38,5488.78,1.33,0.53,2.24,7.03
2025-08-23,Facebook,CA,ASC,360774,5030,4385.7,12945.119999999999,1.39,0.87,2.95,12.16
2025-08-23,Facebook,CA,Prospecting,263223,3297,2107.2200000000003,5418.07,1.25,0.64,2.57,8.01
2025-08-23,Facebook,NY,ASC,607928,8615,7457.1,21301.06,1.42,0.87,2.86,12.27
2025-08-23,Facebook,NY,Prospecting,476212,5427,4590.78,11220.21,1.14,0.85,2.44,9.64
2025-08-23,Google,CA,Display,171464,625,1651.9,2274.48,0.36,2.64,1.38,9.63
2025-08-23,Google,CA,Non-Branded Search,1233067,58580,8676.32,28392.61,4.75,0.15,3.27,7.04
2025-08-23,Google,NY,Non-Branded Search,527152,24339,4002.98,11782.61,4.62,0.16,2.94,7.59
2025-08-23,TikTok,CA,Retargeting,1083186,17798,9101.63,28538.84,1.64,0.51,3.14,8.4
2025-08-23,TikTok,CA,Spark Ads,573932,7190,5051.7699999999995,12387.34,1.25,0.7,2.45,8.8
2025-08-24,Facebook,CA,ASC,412902,5901,5116.1,14329.96,1.43,0.87,2.8,12.39
2025-08-24,Facebook,CA,Prospecting,283963,3220,2672.04,6525.38,1.13,0.83,2.44,9.41
2025-08-24,Facebook,NY,ASC,322604,4800,3974.87,10905.79,1.49,0.83,2.74,12.32
2025-08-24,Facebook,NY,Prospecting,635837,7462,6430.55,15069.23,1.17,0.86,2.34,10.11
2025-08-24,Google,CA,Display,230771,997,1915.07,2986.29,0.43,1.92,1.56,8.3
2025-08-24,Google,CA,Non-Branded Search,1433642,65908,10579.66,33150.82,4.6,0.16,3.13,7.38
2025-08-24,Google,NY,Non-Branded Search,727225,32516,3894.68,11032.95,4.47,0.12,2.83,5.36
2025-08-24,TikTok,CA,Retargeting,963552,14915,6981.9400000000005,21583.89,1.55,0.47,3.09,7.25
2025-08-24,TikTok,CA,Spark Ads,449214,5907,4166.29,10686.669999999998,1.31,0.71,2.57,9.27
2025-08-25,Facebook,CA,ASC,271682,3776,2306.05,5875.9400000000005,1.39,0.61,2.55,8.49
2025-08-25,Facebook,CA,Prospecting,158220,1914,1836.68,4564.54,1.21,0.96,2.49,11.61
2025-08-25,Facebook,NY,ASC,510285,7782,6410.55,18842.769999999997,1.53,0.82,2.94,12.56
2025-08-25,Facebook,NY,Prospecting,460239,5159,3823.33,9792.349999999999,1.12,0.74,2.56,8.31
2025-08-25,Google,CA,Display,203315,857,2082.84,3036.66,0.42,2.43,1.46,10.24
2025-08-25,Google,CA,Non-Branded Search,1282424,59401,7877.15,25364.46,4.63,0.13,3.22,6.14
2025-08-25,Google,NY,Non-Branded Search,689380,31366,3904.61,12556.82,4.55,0.12,3.22,5.66
2025-08-25,TikTok,CA,Retargeting,937898,14593,8638.52,26388.08,1.56,0.59,3.05,9.21
2025-08-25,TikTok,CA,Spark Ads,387084,5238,3232.37,7490.5,1.35,0.62,2.32,8.35
2025-08-26,Facebook,CA,ASC,510072,7691,4146.74,12646.91,1.51,0.54,3.05,8.13
2025-08-26,Facebook,CA,Prospecting,226017,2661,2392.73,5215.76,1.18,0.9,2.18,10.59
2025-08-26,Facebook,NY,ASC,420886,5971,5086.85,13589.820000000002,1.42,0.85,2.67,12.09
2025-08-26,Facebook,NY,Prospecting,492810,5717,6545.95,16981.37,1.16,1.14,2.59,13.28
2025-08-26,Google,CA,Display,210027,800,1906.29,3121.36,0.38,2.38,1.64,9.08
2025-08-26,Google,CA,Non-Branded Search,1316931,61720,7870.66,24307.260000000002,4.69,0.13,3.09,5.98
2025-08-26,Google,NY,Non-Branded Search,764511,34699,5972.01,17651.32,4.54,0.17,2.96,7.81
2025-08-26,TikTok,CA,Retargeting,949830,14873,7001.89,21789.06,1.57,0.47,3.11,7.37
2025-08-26,TikTok,CA,Spark Ads,537537,6628,3103.2999999999997,7178.05,1.23,0.47,2.31,5.77
2025-08-27,Facebook,CA,ASC,399435,5683,3106.3300000000004,8954.460000000001,1.42,0.55,2.88,7.78
2025-08-27,Facebook,CA,Prospecting,255175,2944,2030.54,4890.42,1.15,0.69,2.41,7.96
2025-08-27,Facebook,NY,ASC,546211,8133,4590.32,13331.0,1.49,0.56,2.9,8.4
2025-08-27,Facebook,NY,Prospecting,440638,5527,3647.6,8470.52,1.25,0.66,2.32,8.28
2025-08-27,Google,CA,Display,153714,592,1505.13,2443.56,0.39,2.54,1.62,9.79
2025-08-27,Google,CA,Non-Branded Search,992231,44973,7655.89,23830.95,4.53,0.17,3.11,7.72
2025-08-27,Google,NY,Non-Branded Search,595315,28002,3554.17,12486.32,4.7,0.13,3.51,5.97
2025-08-27,TikTok,CA,Retargeting,1075453,17201,9110.52,27870.2,1.6,0.53,3.06,8.47
2025-08-27,TikTok,CA,Spark Ads,455336,6020,3837.41,8721.98,1.32,0.64,2.27,8.43
2025-08-28,Facebook,CA,ASC,457242,6599,5930.01,18100.579999999998,1.44,0.9,3.05,12.97
2025-08-28,Facebook,CA,Prospecting,291305,3404,2159.5699999999997,4727.58,1.17,0.63,2.19,7.41
2025-08-28,Facebook,NY,ASC,540138,7699,5655.7,16145.560000000001,1.43,0.73,2.85,10.47
2025-08-28,Facebook,NY,Prospecting,612158,7118,7647.74,16432.82,1.16,1.07,2.15,12.49
2025-08-28,Google,CA,Display,126280,471,1185.59,1830.55,0.37,2.52,1.54,9.39
2025-08-28,Google,CA,Non-Branded Search,1310356,58307,8014.87,25630.760000000002,4.45,0.14,3.2,6.12
2025-08-28,Google,NY,Non-Branded Search,708739,32267,4715.16,15398.44,4.55,0.15,3.27,6.65
2025-08-28,TikTok,CA,Retargeting,1015319,16772,7899.389999999999,25158.5,1.65,0.47,3.18,7.78
2025-08-28,TikTok,CA,Spark Ads,528235,6862,4730.41,11104.460000000001,1.3,0.69,2.35,8.96
2025-08-29,Facebook,CA,ASC,385336,5405,2776.25,8109.33,1.4,0.51,2.92,7.2
2025-08-29,Facebook,CA,Prospecting,203195,2363,1435.4099999999999,3134.4,1.16,0.61,2.18,7.06
2025-08-29,Facebook,NY,ASC,422861,6530,4588.76,13838.7,1.54,0.7,3.02,10.85
2025-08-29,Facebook,NY,Prospecting,416999,5199,4185.36,10069.460000000001,1.25,0.81,2.41,10.04
2025-08-29,Google,CA,Display,172838,719,597.38,969.67,0.42,0.83,1.62,3.46
2025-08-29,Google,CA,Non-Branded Search,1103129,51547,6774.98,22998.43,4.67,0.13,3.39,6.14
2025-08-29,Google,NY,Non-Branded Search,710088,30295,3703.0099999999998,11557.3,4.27,0.12,3.12,5.21
2025-08-29,TikTok,CA,Retargeting,1108001,17798,8569.18,24110.11,1.61,0.48,2.81,7.73
2025-08-29,TikTok,CA,Spark Ads,433777,5705,3192.43,7915.67,1.32,0.56,2.48,7.36
2025-08-30,Facebook,CA,ASC,498891,8164,4578.4,12263.31,1.64,0.56,2.68,9.18
2025-08-30,Facebook,CA,Prospecting,270157,2989,2306.55,5173.74,1.11,0.77,2.24,8.54
2025-08-30,Facebook,NY,ASC,778697,11944,6463.0,18969.83,1.53,0.54,2.94,8.3
2025-08-30,Facebook,NY,Prospecting,506085,6217,5342.0,12573.529999999999,1.23,0.86,2.35,10.56
2025-08-30,Google,CA,Display,204501,765,1019.62,1681.26,0.37,1.33,1.65,4.99
2025-08-30,Google,CA,Non-Branded Search,1240313,56035,9436.09,31156.92,4.52,0.17,3.3,7.61
2025-08-30,Google,NY,Non-Branded Search,595965,27032,3597.5299999999997,10940.86,4.54,0.13,3.04,6.04
2025-08-30,TikTok,CA,Retargeting,902339,14839,7693.9,23200.64,1.64,0.52,3.02,8.53
2025-08-30,TikTok,CA,Spark Ads,459191,5479,3698.73,9337.119999999999,1.19,0.68,2.52,8.05
2025-08-31,Facebook,CA,ASC,323055,4643,3703.1,10268.54,1.44,0.8,2.77,11.46
2025-08-31,Facebook,CA,Prospecting,441288,5257,4095.55,10342.45,1.19,0.78,2.53,9.28
2025-08-31,Facebook,NY,ASC,686699,10053,6488.58,18463.91,1.46,0.65,2.85,9.45
2025-08-31,Facebook,NY,Prospecting,388372,4535,4546.16,10606.01,1.17,1.0,2.33,11.71
2025-08-31,Google,CA,Display,131660,495,483.22,689.1,0.38,0.98,1.43,3.67
2025-08-31,Google,CA,Non-Branded Search,1286865,57202,9564.53,30817.47,4.45,0.17,3.22,7.43
2025-08-31,Google,NY,Non-Branded Search,540487,23630,2769.72,8593.29,4.37,0.12,3.1,5.12
2025-08-31,TikTok,CA,Retargeting,1289175,21506,9184.47,28421.35,1.67,0.43,3.09,7.12
2025-08-31,TikTok,CA,Spark Ads,623711,7424,4498.75,9845.689999999999,1.19,0.61,2.19,7.21
2025-09-01,Facebook,CA,ASC,316779,5041,2717.48,7632.98,1.59,0.54,2.81,8.58
2025-09-01,Facebook,CA,Prospecting,390515,4315,3944.24,9684.0,1.1,0.91,2.46,10.1
2025-09-01,Facebook,NY,ASC,779981,10720,7612.6900000000005,19911.41,1.37,0.71,2.62,9.76
2025-09-01,Facebook,NY,Prospecting,545414,6382,5862.55,14747.130000000001,1.17,0.92,2.52,10.75
2025-09-01,Google,CA,Display,134378,534,572.56,909.08,0.4,1.07,1.59,4.26
2025-09-01,Google,CA,Non-Branded Search,1369523,62852,7398.59,22187.629999999997,4.59,0.12,3.0,5.4
2025-09-01,Google,NY,Non-Branded Search,727493,33760,3428.6099999999997,11121.84,4.64,0.1,3.24,4.71
2025-09-01,TikTok,CA,Retargeting,979818,15272,7839.150000000001,24433.18,1.56,0.51,3.12,8.0
2025-09-01,TikTok,CA,Spark Ads,726616,9530,5504.53,12215.17,1.31,0.58,2.22,7.58
2025-09-02,Facebook,CA,ASC,452571,6869,5415.08,13655.62,1.52,0.79,2.52,11.97
2025-09-02,Facebook,CA,Prospecting,235004,2862,2072.14,5225.23,1.22,0.72,2.52,8.82
2025-09-02,Facebook,NY,ASC,515496,7875,5609.550000000001,16266.51,1.53,0.71,2.9,10.88
2025-09-02,Facebook,NY,Prospecting,682082,8086,6334.179999999999,14762.12,1.19,0.78,2.33,9.29
2025-09-02,Google,CA,Display,349941,1485,2710.48,4654.94,0.42,1.83,1.72,7.75
2025-09-02,Google,CA,Non-Branded Search,1669751,72910,12071.92,39104.68,4.37,0.17,3.24,7.23
2025-09-02,Google,NY,Non-Branded Search,670432,31430,4946.21,15570.19,4.69,0.16,3.15,7.38
2025-09-02,TikTok,CA,Retargeting,868670,14121,6491.93,19734.85,1.63,0.46,3.04,7.47
2025-09-02,TikTok,CA,Spark Ads,468108,5863,4024.3199999999997,8767.630000000001,1.25,0.69,2.18,8.6
2025-09-03,Facebook,CA,ASC,398868,6093,4044.27,10844.849999999999,1.53,0.66,2.68,10.14
2025-09-03,Facebook,CA,Prospecting,427702,4804,3974.29,9148.19,1.12,0.83,2.3,9.29
2025-09-03,Facebook,NY,ASC,629600,9525,5281.46,14999.13,1.51,0.55,2.84,8.39
2025-09-03,Facebook,NY,Prospecting,581796,7150,6685.84,15176.41,1.23,0.94,2.27,11.49
2025-09-03,Google,CA,Display,104933,444,891.78,1277.64,0.42,2.01,1.43,8.5
2025-09-03,Google,CA,Non-Branded Search,1605073,72269,10563.97,31015.39,4.5,0.15,2.94,6.58
2025-09-03,Google,NY,Non-Branded Search,853617,37705,6921.46,22508.7,4.42,0.18,3.25,8.11
2025-09-03,TikTok,CA,Retargeting,1026361,15833,9153.02,28292.55,1.54,0.58,3.09,8.92
2025-09-03,TikTok,CA,Spark Ads,543646,7064,4391.72,10832.3,1.3,0.62,2.47,8.08
2025-09-04,Facebook,CA,ASC,386786,5529,4004.36,10389.55,1.43,0.72,2.59,10.35
2025-09-04,Facebook,CA,Prospecting,350245,4231,3117.66,7385.92,1.21,0.74,2.37,8.9
2025-09-04,Facebook,NY,ASC,502498,7510,6381.35,17899.9,1.49,0.85,2.81,12.7
2025-09-04,Facebook,NY,Prospecting,726726,8566,7409.0199999999995,18738.41,1.18,0.86,2.53,10.2
2025-09-04,Google,CA,Display,155067,670,1435.3,2611.87,0.43,2.14,1.82,9.26
2025-09-04,Google,CA,Non-Branded Search,1172218,52155,9264.43,29385.68,4.45,0.18,3.17,7.9
2025-09-04,Google,NY,Non-Branded Search,719533,30862,4355.34,13243.4,4.29,0.14,3.04,6.05
2025-09-04,TikTok,CA,Retargeting,951392,14912,7471.03,22847.38,1.57,0.5,3.06,7.85
2025-09-04,TikTok,CA,Spark Ads,520135,6746,3513.95,8466.6,1.3,0.52,2.41,6.76
2025-09-05,Facebook,CA,ASC,390597,6067,2966.0699999999997,7722.77,1.55,0.49,2.6,7.59
2025-09-05,Facebook,CA,Prospecting,245239,2892,2507.61,5167.33,1.18,0.87,2.06,10.23
2025-09-05,Facebook,NY,ASC,535668,8062,5207.83,14785.51,1.51,0.65,2.84,9.72
2025-09-05,Facebook,NY,Prospecting,481042,5708,3965.9300000000003,9248.49,1.19,0.69,2.33,8.24
2025-09-05,Google,CA,Display,179711,708,544.56,857.99,0.39,0.77,1.58,3.03
2025-09-05,Google,CA,Non-Branded Search,1199103,51976,8490.59,25117.05,4.33,0.16,2.96,7.08
2025-09-05,Google,NY,Non-Branded Search,600859,26706,5030.64,15216.39,4.44,0.19,3.02,8.37
2025-09-05,TikTok,CA,Retargeting,1229589,19898,10930.59,32521.6,1.62,0.55,2.98,8.89
2025-09-05,TikTok,CA,Spark Ads,398564,5346,3292.17,7662.72,1.34,0.62,2.33,8.26
2025-09-06,Facebook,CA,ASC,633069,9447,9037.17,24548.43,1.49,0.96,2.72,14.28
2025-09-06,Facebook,CA,Prospecting,374381,4236,4202.35,9803.71,1.13,0.99,2.33,11.22
2025-09-06,Facebook,NY,ASC,830372,12866,6055.8099999999995,15757.86,1.55,0.47,2.6,7.29
2025-09-06,Facebook,NY,Prospecting,527429,6294,4584.1900000000005,10069.58,1.19,0.73,2.2,8.69
2025-09-06,Google,CA,Display,258529,993,1029.71,1663.27,0.38,1.04,1.62,3.98
2025-09-06,Google,CA,Non-Branded Search,1243161,56538,7906.61,24947.77,4.55,0.14,3.16,6.36
2025-09-06,Google,NY,Non-Branded Search,557797,25193,3689.56,12492.67,4.52,0.15,3.39,6.61
2025-09-06,TikTok,CA,Retargeting,1365693,21985,11517.82,34445.25,1.61,0.52,2.99,8.43
2025-09-06,TikTok,CA,Spark Ads,453868,6000,3829.88,8169.01,1.32,0.64,2.13,8.44
2025-09-07,Facebook,CA,ASC,353403,5114,2550.45,6508.87,1.45,0.5,2.55,7.22
2025-09-07,Facebook,CA,Prospecting,421413,4740,4890.01,12136.46,1.12,1.03,2.48,11.6
2025-09-07,Facebook,NY,ASC,605483,9078,7927.57,24765.75,1.5,0.87,3.12,13.09
2025-09-07,Facebook,NY,Prospecting,774937,8761,7482.9,16938.47,1.13,0.85,2.26,9.66
2025-09-07,Google,CA,Display,258070,973,1790.37,3064.62,0.38,1.84,1.71,6.94
2025-09-07,Google,CA,Non-Branded Search,1128566,50651,7689.91,25610.8,4.49,0.15,3.33,6.81
2025-09-07,Google,NY,Non-Branded Search,806676,34162,5260.7699999999995,17534.39,4.23,0.15,3.33,6.52
2025-09-07,TikTok,CA,Retargeting,1271433,20134,9924.0,31191.4,1.58,0.49,3.14,7.81
2025-09-07,TikTok,CA,Spark Ads,684108,8809,6764.67,16521.07,1.29,0.77,2.44,9.89
2025-09-08,Facebook,CA,ASC,572758,8376,4527.0,11885.060000000001,1.46,0.54,2.63,7.9
2025-09-08,Facebook,CA,Prospecting,240933,3026,1802.0,4260.9800000000005,1.26,0.6,2.36,7.48
2025-09-08,Facebook,NY,ASC,522772,8083,5922.54,17222.42,1.55,0.73,2.91,11.33
2025-09-08,Facebook,NY,Prospecting,418543,5272,4192.88,9342.17,1.26,0.8,2.23,10.02
2025-09-08,Google,CA,Display,197326,779,1070.82,1590.43,0.39,1.37,1.49,5.43
2025-09-08,Google,CA,Non-Branded Search,1241252,54802,10484.48,36547.95,4.42,0.19,3.49,8.45
2025-09-08,Google,NY,Non-Branded Search,698163,30846,5522.7699999999995,18575.370000000003,4.42,0.18,3.36,7.91
2025-09-08,TikTok,CA,Retargeting,1275768,20035,11601.92,32340.7,1.57,0.58,2.79,9.09
2025-09-08,TikTok,CA,Spark Ads,436647,5369,4354.1,11339.7,1.23,0.81,2.6,9.97
2025-09-09,Facebook,CA,ASC,369113,5802,4503.47,14310.93,1.57,0.78,3.18,12.2
2025-09-09,Facebook,CA,Prospecting,485558,5953,6005.32,13659.94,1.23,1.01,2.27,12.37
2025-09-09,Facebook,NY,ASC,729423,11228,6722.700000000001,17250.260000000002,1.54,0.6,2.57,9.22
2025-09-09,Facebook,NY,Prospecting,524909,6076,4436.63,11305.7,1.16,0.73,2.55,8.45
2025-09-09,Google,CA,Display,200899,876,744.26,1036.06,0.44,0.85,1.39,3.7
2025-09-09,Google,CA,Non-Branded Search,1765331,80285,9475.11,31357.11,4.55,0.12,3.31,5.37
2025-09-09,Google,NY,Non-Branded Search,677895,29618,4220.23,12206.79,4.37,0.14,2.89,6.23
2025-09-09,TikTok,CA,Retargeting,1330232,21251,11602.93,36586.82,1.6,0.55,3.15,8.72
2025-09-09,TikTok,CA,Spark Ads,443183,5628,4560.28,11988.05,1.27,0.81,2.63,10.29
2025-09-10,Facebook,CA,ASC,479790,7453,5046.3099999999995,13305.779999999999,1.55,0.68,2.64,10.52
2025-09-10,Facebook,CA,Prospecting,386351,4520,3669.8900000000003,9769.41,1.17,0.81,2.66,9.5
2025-09-10,Facebook,NY,ASC,428067,6244,4170.48,11306.3,1.46,0.67,2.71,9.74
2025-09-10,Facebook,NY,Prospecting,563767,6691,5762.22,13202.43,1.19,0.86,2.29,10.22
2025-09-10,Google,CA,Display,117825,449,997.06,1807.85,0.38,2.22,1.81,8.46
2025-09-10,Google,CA,Non-Branded Search,1258747,56228,6989.97,21779.010000000002,4.47,0.12,3.12,5.55
2025-09-10,Google,NY,Non-Branded Search,682716,29640,3313.77,10599.71,4.34,0.11,3.2,4.85
2025-09-10,TikTok,CA,Retargeting,1163528,18778,7992.719999999999,25203.29,1.61,0.43,3.15,6.87
2025-09-10,TikTok,CA,Spark Ads,390596,5277,3356.74,7500.51,1.35,0.64,2.23,8.59
2025-09-11,Facebook,CA,ASC,316616,5008,2788.0299999999997,8051.32,1.58,0.56,2.89,8.81
2025-09-11,Facebook,CA,Prospecting,373808,4459,3417.3999999999996,8206.52,1.19,0.77,2.4,9.14
2025-09-11,Facebook,NY,ASC,560131,8370,6465.08,19480.82,1.49,0.77,3.01,11.54
2025-09-11,Facebook,NY,Prospecting,678648,7931,5158.87,12573.1,1.17,0.65,2.44,7.6
2025-09-11,Google,CA,Display,99394,403,469.02,672.77,0.41,1.16,1.43,4.72
2025-09-11,Google,CA,Non-Branded Search,973264,44668,7144.93,23024.620000000003,4.59,0.16,3.22,7.34
2025-09-11,Google,NY,Non-Branded Search,847577,38507,5766.97,17619.21,4.54,0.15,3.06,6.8
2025-09-11,TikTok,CA,Retargeting,952148,15220,8931.08,26620.48,1.6,0.59,2.98,9.38
2025-09-11,TikTok,CA,Spark Ads,532331,6645,3866.49,10207.89,1.25,0.58,2.64,7.26
2025-09-12,Facebook,CA,ASC,347712,4983,3700.38,10201.82,1.43,0.74,2.76,10.64
2025-09-12,Facebook,CA,Prospecting,392327,4449,2847.8100000000004,7028.77,1.13,0.64,2.47,7.26
2025-09-12,Facebook,NY,ASC,665304,10405,6950.8,18704.47,1.56,0.67,2.69,10.45
2025-09-12,Facebook,NY,Prospecting,549304,6277,5747.13,13485.32,1.14,0.92,2.35,10.46
2025-09-12,Google,CA,Display,143833,562,505.22,834.47,0.39,0.9,1.65,3.51
2025-09-12,Google,CA,Non-Branded Search,1414866,61887,10021.470000000001,32517.61,4.37,0.16,3.24,7.08
2025-09-12,Google,NY,Non-Branded Search,727488,32366,4655.71,15698.07,4.45,0.14,3.37,6.4
2025-09-12,TikTok,CA,Retargeting,882891,14127,5981.43,18944.97,1.6,0.42,3.17,6.77
2025-09-12,TikTok,CA,Spark Ads,645442,7962,5165.95,11849.16,1.23,0.65,2.29,8.0
